Year,Player,Team,Matches,Runs,Balls_Faced,Fours,Sixes,Wickets,Overs_Bowled,Runs_Conceded,Strike_Rate,Economy
2015,Mohammed Shami,GT,6,220,401,25,7,3,42.8,182,54.86,4.25
2015,Tilak Varma,DC,7,335,376,97,13,17,21.1,191,89.1,9.05
2015,Kieron Pollard,DC,14,537,527,80,11,22,25.7,286,101.9,11.13
2015,Jasprit Bumrah,MI,11,145,560,85,44,15,8.8,144,25.89,16.36
2015,Andre Russell,RCB,14,706,332,38,36,21,6.8,479,212.65,70.44
2015,Axar Patel,PBKS,6,212,292,10,37,0,24.9,319,72.6,12.81
2015,MS Dhoni,KKR,7,284,355,15,41,15,37.8,96,80.0,2.54
2015,Deepak Chahar,DC,5,116,578,74,22,16,34.4,357,20.07,10.38
2015,Glenn Maxwell,RR,14,483,31,26,15,20,18.8,315,1558.06,16.76
2015,Arshdeep Singh,LSG,14,355,279,46,7,15,21.4,328,127.24,15.33
2015,Rashid Khan,LSG,10,389,202,36,47,6,21.6,101,192.57,4.68
2015,Mohammed Shami,RR,8,282,339,42,8,26,29.0,15,83.19,0.52
2015,Kuldeep Yadav,RR,7,708,330,26,25,15,21.8,396,214.55,18.17
2015,Axar Patel,SRH,14,458,283,62,28,26,47.7,474,161.84,9.94
2015,Rahul Tripathi,DC,10,711,276,76,47,20,12.8,116,257.61,9.06
2015,Virat Kohli,LSG,12,533,561,13,9,14,21.9,404,95.01,18.45
2015,Deepak Chahar,CSK,14,326,573,76,3,12,28.8,389,56.89,13.51
2015,Trent Boult,MI,7,166,518,89,28,5,12.8,29,32.05,2.27
2015,Pat Cummins,MI,10,725,240,47,47,6,17.1,185,302.08,10.82
2015,Ruturaj Gaikwad,PBKS,6,555,391,56,47,0,14.9,400,141.94,26.85
2015,AB de Villiers,RCB,6,435,486,12,44,14,46.1,457,89.51,9.91
2015,Deepak Chahar,LSG,9,669,480,53,38,27,27.8,131,139.38,4.71
2015,Jasprit Bumrah,CSK,14,82,575,86,9,17,19.6,204,14.26,10.41
2015,Pat Cummins,PBKS,8,377,255,42,42,14,19.4,155,147.84,7.99
2015,Glenn Maxwell,KKR,11,329,483,89,32,19,13.9,229,68.12,16.47
2015,Trent Boult,MI,6,14,110,45,36,18,45.7,263,12.73,5.75
2015,Arshdeep Singh,CSK,5,425,190,22,35,5,13.9,177,223.68,12.73
2015,Kagiso Rabada,GT,12,204,485,56,24,0,21.4,313,42.06,14.63
2015,Ravindra Jadeja,GT,12,673,48,50,4,13,37.4,260,1402.08,6.95
2015,Shikhar Dhawan,SRH,6,593,458,3,44,27,16.8,304,129.48,18.1
2015,Kuldeep Yadav,RR,10,62,531,96,8,16,44.7,90,11.68,2.01
2015,Andre Russell,RR,10,229,223,13,36,18,13.6,311,102.69,22.87
2015,Yuzvendra Chahal,LSG,7,731,174,2,40,26,7.0,386,420.11,55.14
2015,Andre Russell,RR,8,142,185,49,24,2,1.1,329,76.76,299.09
2015,Glenn Maxwell,MI,5,157,571,86,10,20,24.3,244,27.5,10.04
2015,Suresh Raina,MI,10,225,127,91,14,26,30.0,423,177.17,14.1
2015,Yuzvendra Chahal,GT,13,251,390,64,36,7,8.0,292,64.36,36.5
2015,Pat Cummins,RR,10,424,334,51,26,19,13.7,364,126.95,26.57
2015,Glenn Maxwell,PBKS,13,558,417,99,32,15,35.8,102,133.81,2.85
2015,AB de Villiers,KKR,13,70,537,0,19,9,3.0,288,13.04,96.0
2015,Axar Patel,CSK,13,282,597,76,14,1,37.8,257,47.24,6.8
2015,Faf du Plessis,CSK,13,254,476,27,23,27,42.7,426,53.36,9.98
2015,Faf du Plessis,SRH,13,604,377,60,12,20,14.5,350,160.21,24.14
2015,Pat Cummins,KKR,6,374,368,43,20,0,33.0,464,101.63,14.06
2015,MS Dhoni,GT,14,27,508,68,36,1,25.6,68,5.31,2.66
2015,Rashid Khan,DC,10,18,415,48,40,23,27.5,307,4.34,11.16
2015,Ravindra Jadeja,KKR,13,100,437,59,38,9,23.5,494,22.88,21.02
2015,Tilak Varma,RCB,12,430,577,98,41,4,19.5,474,74.52,24.31
2015,Trent Boult,PBKS,9,734,172,47,39,21,23.0,443,426.74,19.26
2015,Andre Russell,SRH,5,366,95,34,3,28,48.1,270,385.26,5.61
2015,Jasprit Bumrah,RR,12,471,393,83,28,27,31.8,148,119.85,4.65
2015,Deepak Chahar,KKR,10,143,104,74,46,11,20.6,471,137.5,22.86
2015,Virat Kohli,RR,9,215,514,66,2,5,0.5,109,41.83,218.0
2015,Bhuvneshwar Kumar,GT,11,788,70,54,33,21,36.1,495,1125.71,13.71
2015,KL Rahul,RCB,9,323,408,17,21,6,5.5,68,79.17,12.36
2015,Pat Cummins,KKR,12,495,109,29,38,11,16.7,164,454.13,9.82
2015,Shikhar Dhawan,PBKS,6,273,165,40,46,21,12.5,444,165.45,35.52
2015,MS Dhoni,MI,13,581,50,93,10,21,28.5,265,1162.0,9.3
2015,Pat Cummins,CSK,11,317,539,17,19,24,27.2,112,58.81,4.12
2015,MS Dhoni,MI,8,238,348,77,16,5,40.6,148,68.39,3.65
2015,Faf du Plessis,PBKS,12,466,280,57,42,21,5.7,467,166.43,81.93
2015,Jasprit Bumrah,LSG,5,432,555,11,30,28,5.2,483,77.84,92.88
2015,AB de Villiers,RCB,7,154,219,93,47,14,31.5,288,70.32,9.14
2015,Rahul Tripathi,CSK,7,761,160,58,3,1,4.0,172,475.62,43.0
2015,Andre Russell,RR,9,282,218,87,9,8,29.1,339,129.36,11.65
2015,Rahul Tripathi,RCB,13,693,561,63,29,1,15.6,272,123.53,17.44
2015,Faf du Plessis,GT,14,338,26,43,35,13,41.3,161,1300.0,3.9
2015,Deepak Chahar,PBKS,8,179,329,12,5,2,23.0,156,54.41,6.78
2015,Axar Patel,MI,6,276,570,37,3,21,48.5,124,48.42,2.56
2015,Suresh Raina,CSK,12,269,45,30,34,19,26.1,399,597.78,15.29
2015,Shikhar Dhawan,CSK,12,131,420,39,18,18,37.2,214,31.19,5.75
2015,Kuldeep Yadav,CSK,11,100,79,94,18,26,4.8,425,126.58,88.54
2015,Jos Buttler,LSG,12,98,277,74,3,1,29.4,360,35.38,12.24
2015,Ruturaj Gaikwad,GT,7,668,461,40,17,25,46.1,446,144.9,9.67
2015,Faf du Plessis,RR,14,205,222,76,32,20,18.7,491,92.34,26.26
2015,Deepak Chahar,SRH,14,397,119,0,34,15,39.0,22,333.61,0.56
2015,Bhuvneshwar Kumar,CSK,14,282,395,49,13,25,33.6,18,71.39,0.54
2015,Axar Patel,LSG,9,16,309,81,18,15,5.8,30,5.18,5.17
2015,Yuzvendra Chahal,PBKS,5,64,207,82,1,4,28.4,61,30.92,2.15
2015,Glenn Maxwell,RCB,8,77,451,90,7,5,38.4,306,17.07,7.97
2015,Rashid Khan,CSK,8,285,415,76,41,29,24.8,214,68.67,8.63
2015,Glenn Maxwell,RCB,14,250,281,19,3,13,37.4,436,88.97,11.66
2015,MS Dhoni,GT,8,593,207,13,24,19,23.8,203,286.47,8.53
2015,Faf du Plessis,KKR,11,321,441,55,24,6,24.7,36,72.79,1.46
2015,Pat Cummins,SRH,11,656,527,17,3,20,25.9,442,124.48,17.07
2015,Bhuvneshwar Kumar,DC,11,664,431,27,38,4,19.6,258,154.06,13.16
2015,Axar Patel,MI,8,481,361,39,17,9,21.4,375,133.24,17.52
2015,Ben Stokes,DC,10,434,534,43,3,29,0.0,266,81.27,0.0
2015,Jasprit Bumrah,CSK,5,587,443,92,7,23,43.4,135,132.51,3.11
2015,Pat Cummins,MI,12,228,517,0,47,5,33.7,271,44.1,8.04
2015,Andre Russell,MI,10,560,415,86,0,14,29.9,106,134.94,3.55
2015,Faf du Plessis,DC,6,367,249,15,25,15,26.1,171,147.39,6.55
2015,Rashid Khan,SRH,9,727,460,12,38,26,6.6,484,158.04,73.33
2015,Jasprit Bumrah,GT,14,371,153,82,2,2,17.8,432,242.48,24.27
2015,Yuzvendra Chahal,RCB,8,419,231,29,32,24,34.4,241,181.39,7.01
2015,MS Dhoni,KKR,10,83,256,59,13,2,30.7,385,32.42,12.54
2015,Rahul Tripathi,RCB,8,755,570,52,4,4,11.2,320,132.46,28.57
2015,Shikhar Dhawan,MI,7,73,286,91,1,21,45.8,145,25.52,3.17
2015,David Warner,GT,10,130,402,17,17,4,14.6,448,32.34,30.68
2015,Shikhar Dhawan,RCB,6,600,570,57,23,5,38.3,246,105.26,6.42
2015,Bhuvneshwar Kumar,DC,14,413,212,63,13,24,7.3,489,194.81,66.99
2015,Riyan Parag,SRH,14,681,442,95,18,28,49.5,307,154.07,6.2
2015,Ravindra Jadeja,DC,7,13,137,79,19,18,19.2,341,9.49,17.76
2015,Axar Patel,MI,7,701,21,55,37,17,36.1,450,3338.1,12.47
2015,Deepak Chahar,RCB,11,311,537,28,0,12,20.9,298,57.91,14.26
2015,Faf du Plessis,DC,11,255,463,96,43,28,34.0,104,55.08,3.06
2015,MS Dhoni,PBKS,7,386,195,45,28,14,32.4,171,197.95,5.28
2015,Hardik Pandya,MI,12,270,278,78,28,22,43.9,163,97.12,3.71
2015,Jos Buttler,GT,11,26,58,61,8,28,14.7,496,44.83,33.74
2015,MS Dhoni,RR,9,536,45,99,45,1,25.3,81,1191.11,3.2
2015,Rohit Sharma,MI,13,471,61,79,41,1,7.8,403,772.13,51.67
2015,Virat Kohli,PBKS,6,41,504,10,11,12,2.3,190,8.13,82.61
2015,AB de Villiers,PBKS,14,521,247,37,28,11,12.6,110,210.93,8.73
2015,Sunil Narine,DC,12,337,237,72,16,24,25.1,160,142.19,6.37
2015,Shikhar Dhawan,SRH,12,150,378,83,34,21,27.6,287,39.68,10.4
2015,Jasprit Bumrah,GT,10,234,220,39,16,12,19.7,49,106.36,2.49
2015,Sunil Narine,KKR,10,131,230,56,6,12,35.6,121,56.96,3.4
2015,Sanju Samson,MI,7,87,234,14,47,2,19.5,387,37.18,19.85
2015,MS Dhoni,CSK,7,757,296,79,21,20,48.9,334,255.74,6.83
2015,Rohit Sharma,RCB,6,391,26,98,2,25,40.5,397,1503.85,9.8
2015,Ruturaj Gaikwad,GT,10,272,35,32,15,20,43.8,25,777.14,0.57
2015,Mohammed Shami,SRH,14,160,465,35,12,10,26.6,193,34.41,7.26
2015,Hardik Pandya,CSK,10,582,521,95,42,18,48.9,497,111.71,10.16
2015,David Warner,RCB,12,168,323,95,2,2,15.6,355,52.01,22.76
2015,Yuzvendra Chahal,LSG,10,379,81,90,32,19,15.0,133,467.9,8.87
2015,Axar Patel,GT,12,619,244,32,36,20,12.6,309,253.69,24.52
2015,Faf du Plessis,GT,10,188,39,60,26,3,11.2,36,482.05,3.21
2015,Bhuvneshwar Kumar,MI,6,216,90,96,14,21,20.6,244,240.0,11.84
2015,Riyan Parag,RR,14,779,301,14,44,12,2.7,88,258.8,32.59
2015,KL Rahul,PBKS,13,567,403,64,22,3,36.8,402,140.69,10.92
2015,Kagiso Rabada,SRH,11,0,131,56,0,14,12.5,50,0.0,4.0
2015,KL Rahul,RR,7,125,88,37,21,19,12.6,282,142.05,22.38
2015,Suresh Raina,LSG,12,221,207,51,16,26,19.9,446,106.76,22.41
2015,Jasprit Bumrah,SRH,12,92,58,2,9,1,47.5,456,158.62,9.6
2015,Yuzvendra Chahal,DC,13,176,250,64,10,27,41.6,348,70.4,8.37
2015,Kieron Pollard,RR,5,301,120,1,36,24,17.4,45,250.83,2.59
2015,Kagiso Rabada,CSK,5,68,48,56,32,13,26.2,150,141.67,5.73
2015,Arshdeep Singh,GT,5,235,596,19,39,12,2.5,270,39.43,108.0
2015,Deepak Chahar,CSK,5,0,126,94,1,23,12.4,96,0.0,7.74
2015,Jos Buttler,CSK,7,56,254,81,23,18,5.2,137,22.05,26.35
2015,Sunil Narine,LSG,9,677,312,96,5,29,15.2,51,216.99,3.36
2015,Deepak Chahar,RR,7,209,237,54,11,10,44.1,412,88.19,9.34
2015,Jos Buttler,SRH,11,451,252,9,21,16,48.0,246,178.97,5.12
2015,Jos Buttler,KKR,10,9,435,71,28,11,25.5,294,2.07,11.53
2015,Shubman Gill,RCB,12,611,91,69,18,24,29.6,100,671.43,3.38
2015,AB de Villiers,SRH,11,392,211,96,14,15,16.2,24,185.78,1.48
2015,Riyan Parag,RR,10,223,555,7,41,13,0.1,104,40.18,1040.0
2015,Rahul Tripathi,DC,10,371,477,11,18,22,38.1,498,77.78,13.07
2015,Rohit Sharma,MI,14,731,186,36,9,3,11.5,467,393.01,40.61
2015,Jos Buttler,CSK,14,660,210,45,20,14,7.9,9,314.29,1.14
2015,Virat Kohli,RR,8,15,112,17,17,18,15.6,33,13.39,2.12
2015,Andre Russell,MI,11,127,163,97,48,13,5.9,73,77.91,12.37
2015,Sunil Narine,PBKS,5,113,336,25,8,1,3.3,242,33.63,73.33
2015,Trent Boult,RCB,8,291,274,23,33,17,33.9,33,106.2,0.97
2015,Glenn Maxwell,GT,10,367,262,62,15,6,16.4,275,140.08,16.77
2015,Sanju Samson,LSG,14,740,379,56,48,27,32.0,243,195.25,7.59
2015,Sunil Narine,PBKS,5,53,69,92,34,27,48.3,43,76.81,0.89
2015,Shubman Gill,MI,6,252,226,61,24,26,6.8,298,111.5,43.82
2015,Arshdeep Singh,DC,11,698,265,73,27,11,29.0,238,263.4,8.21
2015,Shubman Gill,RR,12,161,123,57,24,20,46.8,367,130.89,7.84
2015,Jos Buttler,RR,12,69,562,65,31,29,16.9,318,12.28,18.82
2015,Trent Boult,DC,9,658,71,66,46,3,49.7,290,926.76,5.84
2015,Faf du Plessis,RCB,7,178,597,86,18,29,17.6,410,29.82,23.3
2016,Rohit Sharma,LSG,8,357,168,59,44,10,13.0,102,212.5,7.85
2016,Trent Boult,SRH,7,89,307,10,25,4,9.2,472,28.99,51.3
2016,AB de Villiers,RCB,11,419,500,96,32,27,37.6,197,83.8,5.24
2016,Rahul Tripathi,PBKS,7,356,85,60,15,3,45.2,238,418.82,5.27
2016,Kagiso Rabada,GT,5,55,576,24,34,10,11.7,177,9.55,15.13
2016,Jasprit Bumrah,DC,6,555,560,85,14,7,30.2,342,99.11,11.32
2016,Mohammed Shami,PBKS,7,348,326,71,19,24,39.5,343,106.75,8.68
2016,Axar Patel,DC,12,354,423,2,10,7,19.1,153,83.69,8.01
2016,Hardik Pandya,KKR,8,208,65,15,8,16,2.6,420,320.0,161.54
2016,Sunil Narine,RR,11,579,528,36,6,27,16.1,336,109.66,20.87
2016,Shikhar Dhawan,CSK,10,278,75,38,30,20,12.7,379,370.67,29.84
2016,Ruturaj Gaikwad,RR,8,309,453,7,28,11,31.1,143,68.21,4.6
2016,Axar Patel,RR,8,144,132,91,40,25,24.7,385,109.09,15.59
2016,Andre Russell,DC,6,382,514,46,37,22,21.6,77,74.32,3.56
2016,Kieron Pollard,RCB,5,698,124,61,38,12,2.1,127,562.9,60.48
2016,David Warner,MI,12,727,103,90,6,14,49.9,108,705.83,2.16
2016,Kuldeep Yadav,KKR,7,695,40,72,12,17,23.6,463,1737.5,19.62
2016,Tilak Varma,GT,11,381,30,87,23,1,11.2,285,1270.0,25.45
2016,Andre Russell,RCB,9,272,475,16,42,0,23.9,431,57.26,18.03
2016,Tilak Varma,SRH,7,70,128,28,11,16,46.1,0,54.69,0.0
2016,Axar Patel,KKR,7,723,472,4,30,14,7.4,192,153.18,25.95
2016,Shubman Gill,SRH,13,368,565,71,6,18,12.1,86,65.13,7.11
2016,Jos Buttler,MI,14,435,388,94,10,19,25.5,488,112.11,19.14
2016,Rashid Khan,PBKS,11,118,445,76,43,10,37.6,79,26.52,2.1
2016,Shikhar Dhawan,SRH,10,143,562,93,33,2,6.5,442,25.44,68.0
2016,Trent Boult,RCB,8,420,223,94,12,23,22.5,102,188.34,4.53
2016,Trent Boult,RCB,5,58,408,25,21,22,39.0,77,14.22,1.97
2016,Faf du Plessis,LSG,6,146,481,72,27,20,21.7,398,30.35,18.34
2016,Rohit Sharma,RR,6,337,298,5,5,23,49.3,78,113.09,1.58
2016,Ruturaj Gaikwad,LSG,8,78,234,96,48,27,1.6,300,33.33,187.5
2016,Jasprit Bumrah,GT,5,259,94,39,42,11,48.2,348,275.53,7.22
2016,Jos Buttler,LSG,7,391,539,55,13,12,50.0,251,72.54,5.02
2016,Sanju Samson,KKR,7,232,521,0,16,12,33.3,215,44.53,6.46
2016,Shubman Gill,KKR,6,565,244,67,39,18,41.6,20,231.56,0.48
2016,Ben Stokes,RR,5,305,533,64,43,13,48.9,210,57.22,4.29
2016,MS Dhoni,GT,10,332,172,55,46,6,24.1,17,193.02,0.71
2016,Shikhar Dhawan,SRH,8,402,146,99,27,18,39.2,135,275.34,3.44
2016,Shubman Gill,DC,6,532,574,79,19,23,8.3,51,92.68,6.14
2016,Glenn Maxwell,PBKS,10,592,159,75,37,19,24.8,131,372.33,5.28
2016,Suresh Raina,KKR,13,133,461,25,15,15,16.1,82,28.85,5.09
2016,Jasprit Bumrah,GT,14,165,112,43,6,12,31.1,366,147.32,11.77
2016,Bhuvneshwar Kumar,RCB,11,478,396,96,41,15,33.5,222,120.71,6.63
2016,Sunil Narine,KKR,6,324,560,29,2,17,20.9,420,57.86,20.1
2016,Arshdeep Singh,KKR,7,697,592,16,39,8,8.3,460,117.74,55.42
2016,Hardik Pandya,DC,7,231,321,86,15,7,21.8,331,71.96,15.18
2016,AB de Villiers,LSG,14,45,586,14,17,27,4.2,141,7.68,33.57
2016,Arshdeep Singh,GT,11,335,43,3,28,23,39.7,52,779.07,1.31
2016,KL Rahul,MI,13,155,41,2,48,16,31.8,256,378.05,8.05
2016,AB de Villiers,RCB,10,559,466,96,10,3,1.6,475,119.96,296.88
2016,KL Rahul,SRH,6,454,367,32,3,9,23.1,401,123.71,17.36
2016,Ravindra Jadeja,KKR,6,757,314,44,32,14,28.4,359,241.08,12.64
2016,Sanju Samson,RR,10,13,311,54,32,23,39.5,350,4.18,8.86
2016,David Warner,GT,7,522,435,35,47,6,14.3,323,120.0,22.59
2016,Kuldeep Yadav,SRH,14,257,364,66,38,29,29.6,265,70.6,8.95
2016,Bhuvneshwar Kumar,CSK,13,724,580,80,10,20,4.1,446,124.83,108.78
2016,Deepak Chahar,CSK,10,657,177,52,44,10,18.1,62,371.19,3.43
2016,MS Dhoni,RCB,14,567,125,9,9,21,15.9,68,453.6,4.28
2016,Mohammed Shami,GT,8,271,152,56,35,9,41.4,382,178.29,9.23
2016,Jasprit Bumrah,SRH,11,293,188,18,20,10,12.5,157,155.85,12.56
2016,Kieron Pollard,LSG,13,640,375,5,43,0,48.5,286,170.67,5.9
2016,Sunil Narine,GT,9,343,157,1,26,8,6.6,204,218.47,30.91
2016,Ben Stokes,KKR,14,167,343,63,13,23,14.5,478,48.69,32.97
2016,Sanju Samson,KKR,6,553,294,96,7,24,4.0,202,188.1,50.5
2016,Glenn Maxwell,KKR,6,329,352,36,26,2,32.5,23,93.47,0.71
2016,Pat Cummins,CSK,8,566,375,29,8,22,9.6,231,150.93,24.06
2016,Riyan Parag,RR,13,498,507,62,36,20,33.8,165,98.22,4.88
2016,Glenn Maxwell,PBKS,13,428,246,74,0,25,13.8,134,173.98,9.71
2016,Axar Patel,DC,10,696,300,79,27,16,0.1,454,232.0,4540.0
2016,Yuzvendra Chahal,PBKS,8,428,491,69,48,21,21.7,345,87.17,15.9
2016,Trent Boult,KKR,9,191,88,48,6,17,47.0,262,217.05,5.57
2016,Glenn Maxwell,PBKS,9,354,439,72,43,11,2.2,112,80.64,50.91
2016,Mohammed Shami,KKR,12,64,444,37,11,8,46.8,77,14.41,1.65
2016,Arshdeep Singh,GT,8,459,58,29,36,12,47.5,94,791.38,1.98
2016,Rohit Sharma,PBKS,12,157,221,14,1,15,9.4,338,71.04,35.96
2016,Rahul Tripathi,KKR,9,129,360,90,25,20,31.3,232,35.83,7.41
2016,Kuldeep Yadav,MI,14,490,415,72,8,12,44.1,62,118.07,1.41
2016,Bhuvneshwar Kumar,LSG,8,585,539,82,38,26,24.4,440,108.53,18.03
2016,Faf du Plessis,KKR,11,593,551,66,25,22,49.1,210,107.62,4.28
2016,Riyan Parag,GT,5,376,353,95,46,23,30.9,433,106.52,14.01
2016,Andre Russell,GT,7,467,421,29,15,6,46.3,167,110.93,3.61
2016,Pat Cummins,KKR,5,24,544,53,41,7,0.5,171,4.41,342.0
2016,Rohit Sharma,KKR,11,254,400,0,45,15,41.3,446,63.5,10.8
2016,Trent Boult,GT,14,240,367,58,49,11,4.9,129,65.4,26.33
2016,Riyan Parag,LSG,14,8,66,42,44,12,0.4,236,12.12,590.0
2016,David Warner,PBKS,7,545,542,73,7,20,35.7,235,100.55,6.58
2016,David Warner,DC,12,81,26,76,34,16,14.8,212,311.54,14.32
2016,Ruturaj Gaikwad,DC,8,19,413,84,5,27,37.3,115,4.6,3.08
2016,AB de Villiers,RR,8,95,124,84,24,20,20.7,261,76.61,12.61
2016,Mohammed Shami,GT,10,181,372,2,21,6,42.2,405,48.66,9.6
2016,Glenn Maxwell,PBKS,10,507,595,22,30,25,25.4,269,85.21,10.59
2016,Jasprit Bumrah,RR,14,767,65,48,13,20,35.7,290,1180.0,8.12
2016,Riyan Parag,SRH,12,111,23,53,37,1,24.5,147,482.61,6.0
2016,AB de Villiers,KKR,10,169,259,20,20,7,35.3,110,65.25,3.12
2016,Sunil Narine,CSK,12,550,401,66,17,15,12.4,254,137.16,20.48
2016,David Warner,RCB,11,698,97,64,36,16,36.9,296,719.59,8.02
2016,Riyan Parag,RCB,8,445,157,81,40,15,0.7,378,283.44,540.0
2016,Sanju Samson,MI,5,546,562,96,28,5,20.8,53,97.15,2.55
2016,Deepak Chahar,GT,5,725,29,16,49,25,45.7,142,2500.0,3.11
2016,Ruturaj Gaikwad,RCB,5,336,517,36,35,2,1.1,15,64.99,13.64
2016,Arshdeep Singh,MI,6,731,156,41,13,11,16.4,474,468.59,28.9
2016,Arshdeep Singh,CSK,8,351,106,56,42,4,13.5,221,331.13,16.37
2016,Kagiso Rabada,CSK,12,14,237,19,16,17,33.0,189,5.91,5.73
2016,Mohammed Shami,RCB,6,216,365,13,13,21,16.0,178,59.18,11.12
2016,Shubman Gill,KKR,8,638,444,88,36,6,2.2,349,143.69,158.64
2016,David Warner,RCB,12,9,95,18,13,29,31.7,7,9.47,0.22
2016,Shubman Gill,KKR,12,518,142,57,46,4,10.3,5,364.79,0.49
2016,Hardik Pandya,GT,14,93,546,37,15,23,43.0,178,17.03,4.14
2016,Shubman Gill,RR,9,340,227,46,24,15,23.5,194,149.78,8.26
2016,Ben Stokes,LSG,14,196,481,30,0,29,1.0,31,40.75,31.0
2016,Riyan Parag,RCB,10,139,210,96,3,6,44.2,192,66.19,4.34
2016,Shikhar Dhawan,PBKS,7,719,83,57,21,12,17.4,368,866.27,21.15
2016,Rohit Sharma,DC,13,796,181,57,1,12,40.1,194,439.78,4.84
2016,David Warner,KKR,5,503,90,40,40,12,22.5,331,558.89,14.71
2016,Shubman Gill,DC,5,535,373,26,43,9,42.1,210,143.43,4.99
2016,Glenn Maxwell,SRH,14,611,34,58,29,13,0.2,229,1797.06,1145.0
2016,Hardik Pandya,LSG,5,656,347,88,1,10,6.6,386,189.05,58.48
2016,KL Rahul,MI,10,532,538,97,28,10,13.8,145,98.88,10.51
2016,Rohit Sharma,RR,10,168,324,85,11,9,48.5,317,51.85,6.54
2016,Kuldeep Yadav,CSK,8,69,519,60,5,17,47.3,55,13.29,1.16
2016,Arshdeep Singh,PBKS,8,410,217,14,7,5,16.8,66,188.94,3.93
2016,KL Rahul,RCB,10,553,103,32,40,20,38.2,19,536.89,0.5
2016,KL Rahul,MI,11,367,322,71,33,17,11.1,182,113.98,16.4
2016,Sanju Samson,GT,10,372,415,45,0,24,50.0,112,89.64,2.24
2017,Rahul Tripathi,RR,14,208,412,25,3,25,33.4,103,50.49,3.08
2017,Ben Stokes,PBKS,13,735,36,63,1,3,17.1,148,2041.67,8.65
2017,Shubman Gill,DC,10,164,184,50,40,16,7.3,411,89.13,56.3
2017,Bhuvneshwar Kumar,PBKS,11,365,259,88,42,23,35.5,25,140.93,0.7
2017,Jasprit Bumrah,RCB,8,102,525,77,49,5,33.8,415,19.43,12.28
2017,KL Rahul,LSG,6,42,398,82,42,19,26.6,489,10.55,18.38
2017,Suresh Raina,PBKS,8,793,192,70,16,19,37.1,149,413.02,4.02
2017,AB de Villiers,MI,14,144,592,81,36,9,39.9,399,24.32,10.0
2017,Deepak Chahar,RR,6,186,552,50,31,0,22.0,191,33.7,8.68
2017,KL Rahul,DC,7,651,451,67,15,12,1.3,109,144.35,83.85
2017,Virat Kohli,SRH,7,481,135,30,6,17,15.3,258,356.3,16.86
2017,MS Dhoni,RCB,5,545,525,51,23,29,5.4,333,103.81,61.67
2017,Jos Buttler,PBKS,13,493,120,75,24,9,5.4,316,410.83,58.52
2017,Trent Boult,DC,10,467,468,26,23,27,4.0,0,99.79,0.0
2017,Andre Russell,PBKS,7,128,229,62,33,19,35.0,275,55.9,7.86
2017,Shubman Gill,DC,8,544,413,94,28,15,0.3,247,131.72,823.33
2017,Rohit Sharma,MI,14,449,26,42,25,27,14.1,116,1726.92,8.23
2017,Pat Cummins,RR,11,783,120,48,29,7,33.3,391,652.5,11.74
2017,KL Rahul,SRH,5,335,550,21,26,29,29.7,339,60.91,11.41
2017,Jasprit Bumrah,KKR,8,692,50,28,7,14,18.9,54,1384.0,2.86
2017,Jos Buttler,LSG,12,188,272,98,1,19,19.3,342,69.12,17.72
2017,Rashid Khan,GT,7,432,419,92,5,4,35.0,37,103.1,1.06
2017,Yuzvendra Chahal,SRH,9,58,448,67,41,24,0.9,436,12.95,484.44
2017,Mohammed Shami,DC,12,696,297,71,22,9,30.8,252,234.34,8.18
2017,Riyan Parag,RCB,13,473,363,20,47,23,13.2,415,130.3,31.44
2017,KL Rahul,LSG,5,383,119,73,20,21,23.5,475,321.85,20.21
2017,Kagiso Rabada,MI,7,784,102,32,0,6,3.7,325,768.63,87.84
2017,Sanju Samson,CSK,10,139,434,44,27,12,39.0,163,32.03,4.18
2017,Riyan Parag,MI,10,545,99,0,24,2,16.1,374,550.51,23.23
2017,Glenn Maxwell,SRH,12,285,400,67,19,27,33.3,116,71.25,3.48
2017,Ben Stokes,LSG,14,685,219,15,23,5,21.9,15,312.79,0.68
2017,Rahul Tripathi,SRH,13,317,275,67,9,13,43.7,331,115.27,7.57
2017,Arshdeep Singh,RCB,5,149,68,30,43,10,7.2,282,219.12,39.17
2017,Faf du Plessis,SRH,12,272,490,50,5,6,11.4,11,55.51,0.96
2017,Rohit Sharma,LSG,14,111,459,20,6,27,11.2,227,24.18,20.27
2017,Tilak Varma,DC,10,78,81,48,40,7,31.0,155,96.3,5.0
2017,Virat Kohli,KKR,8,560,228,89,5,28,15.4,242,245.61,15.71
2017,Kieron Pollard,KKR,5,409,112,81,5,13,30.0,300,365.18,10.0
2017,Kuldeep Yadav,KKR,8,430,586,89,1,0,38.5,478,73.38,12.42
2017,Pat Cummins,MI,12,81,81,78,48,24,31.5,411,100.0,13.05
2017,Ben Stokes,MI,12,512,200,53,39,15,23.1,240,256.0,10.39
2017,Yuzvendra Chahal,KKR,11,627,232,0,35,26,13.0,74,270.26,5.69
2017,Jos Buttler,KKR,10,607,98,36,3,28,26.0,374,619.39,14.38
2017,Jasprit Bumrah,SRH,12,481,248,14,14,26,8.6,107,193.95,12.44
2017,Arshdeep Singh,RCB,9,326,582,30,3,11,48.8,171,56.01,3.5
2017,Sanju Samson,KKR,8,594,180,66,15,21,46.6,155,330.0,3.33
2017,Jasprit Bumrah,DC,5,600,45,99,4,2,43.4,16,1333.33,0.37
2017,Tilak Varma,RCB,13,679,125,81,0,12,30.2,154,543.2,5.1
2017,Suresh Raina,MI,13,60,577,62,30,7,21.5,310,10.4,14.42
2017,Rashid Khan,LSG,10,447,31,2,1,26,28.7,475,1441.94,16.55
2017,Ravindra Jadeja,DC,11,246,244,15,21,5,6.4,258,100.82,40.31
2017,Ruturaj Gaikwad,PBKS,11,113,215,41,25,15,17.7,39,52.56,2.2
2017,Jos Buttler,GT,5,397,248,23,45,22,34.3,404,160.08,11.78
2017,Ravindra Jadeja,CSK,8,375,205,40,7,1,12.2,414,182.93,33.93
2017,Glenn Maxwell,CSK,10,609,347,89,6,28,29.2,494,175.5,16.92
2017,Faf du Plessis,RCB,5,96,101,62,26,11,23.7,197,95.05,8.31
2017,Jasprit Bumrah,DC,11,419,546,84,20,20,37.5,369,76.74,9.84
2017,Kagiso Rabada,DC,11,424,300,95,19,24,16.2,304,141.33,18.77
2017,Suresh Raina,PBKS,5,477,378,63,11,24,15.8,446,126.19,28.23
2017,Shikhar Dhawan,CSK,12,433,205,84,40,15,31.2,482,211.22,15.45
2017,Deepak Chahar,CSK,13,246,92,46,28,5,36.4,131,267.39,3.6
2017,Sunil Narine,MI,6,199,292,38,9,9,5.0,393,68.15,78.6
2017,Rashid Khan,LSG,5,443,65,85,42,18,32.3,358,681.54,11.08
2017,Rashid Khan,RCB,10,678,258,76,1,3,1.6,180,262.79,112.5
2017,Rashid Khan,CSK,11,427,483,31,18,8,29.2,468,88.41,16.03
2017,AB de Villiers,SRH,11,477,303,79,38,19,13.7,431,157.43,31.46
2017,Mohammed Shami,RR,6,377,281,75,16,1,22.8,315,134.16,13.82
2017,Shubman Gill,MI,5,322,160,52,44,16,27.4,350,201.25,12.77
2017,Rahul Tripathi,GT,13,534,248,19,44,19,48.8,83,215.32,1.7
2017,Virat Kohli,GT,8,92,340,67,6,28,10.1,216,27.06,21.39
2017,Hardik Pandya,GT,6,660,233,57,4,29,49.6,119,283.26,2.4
2017,Tilak Varma,PBKS,8,737,27,85,24,2,9.0,170,2729.63,18.89
2017,Jasprit Bumrah,RCB,8,604,125,49,14,20,5.3,245,483.2,46.23
2017,Axar Patel,SRH,11,528,293,80,15,9,14.2,320,180.2,22.54
2017,Mohammed Shami,DC,11,611,290,41,1,13,20.0,407,210.69,20.35
2017,Glenn Maxwell,LSG,5,529,195,39,40,29,33.3,177,271.28,5.32
2017,Hardik Pandya,KKR,14,125,517,52,41,21,27.7,151,24.18,5.45
2017,Jasprit Bumrah,DC,7,685,290,74,5,15,6.5,312,236.21,48.0
2017,Jasprit Bumrah,SRH,9,151,413,51,27,23,22.9,351,36.56,15.33
2017,MS Dhoni,RCB,9,306,340,97,28,5,11.7,289,90.0,24.7
2017,Shubman Gill,MI,14,397,382,99,46,5,13.0,320,103.93,24.62
2017,Riyan Parag,LSG,8,231,565,77,33,2,45.5,77,40.88,1.69
2017,Kagiso Rabada,GT,9,327,268,72,1,26,33.5,244,122.01,7.28
2017,Faf du Plessis,CSK,11,574,105,20,6,6,47.7,459,546.67,9.62
2017,David Warner,SRH,14,288,98,79,27,3,16.3,277,293.88,16.99
2017,Ruturaj Gaikwad,MI,6,34,445,76,23,19,0.1,425,7.64,4250.0
2017,Hardik Pandya,SRH,11,408,195,81,30,18,8.1,336,209.23,41.48
2017,Virat Kohli,GT,6,517,283,95,42,2,39.0,139,182.69,3.56
2017,Kagiso Rabada,DC,5,378,471,79,33,25,24.1,128,80.25,5.31
2017,Bhuvneshwar Kumar,RCB,6,409,485,80,41,26,37.3,168,84.33,4.5
2017,Shikhar Dhawan,RCB,8,599,415,14,47,2,22.3,164,144.34,7.35
2017,Bhuvneshwar Kumar,DC,10,767,538,29,5,13,47.8,52,142.57,1.09
2017,Jos Buttler,MI,9,620,369,67,18,24,21.2,347,168.02,16.37
2017,Shubman Gill,GT,14,524,182,69,20,29,8.3,70,287.91,8.43
2017,AB de Villiers,RR,12,769,35,60,21,29,35.3,144,2197.14,4.08
2017,Mohammed Shami,RCB,11,547,289,22,33,12,41.7,86,189.27,2.06
2017,Yuzvendra Chahal,LSG,14,548,370,40,4,20,33.4,217,148.11,6.5
2017,Tilak Varma,CSK,6,787,319,72,45,21,20.2,423,246.71,20.94
2017,Tilak Varma,CSK,7,762,101,68,27,21,37.2,149,754.46,4.01
2017,Jasprit Bumrah,MI,10,465,343,97,45,24,36.3,162,135.57,4.46
2017,MS Dhoni,KKR,7,422,107,55,14,10,23.6,299,394.39,12.67
2017,Hardik Pandya,PBKS,6,703,200,56,44,15,20.4,233,351.5,11.42
2017,David Warner,DC,7,85,277,27,16,2,33.5,247,30.69,7.37
2017,Axar Patel,KKR,7,433,85,71,38,22,43.5,264,509.41,6.07
2017,Kieron Pollard,DC,9,267,314,24,34,4,18.4,445,85.03,24.18
2017,Ruturaj Gaikwad,RR,7,154,418,28,10,7,17.7,284,36.84,16.05
2017,Deepak Chahar,MI,11,182,94,37,2,3,14.0,9,193.62,0.64
2017,Kagiso Rabada,GT,10,12,300,36,6,15,28.9,481,4.0,16.64
2017,Kuldeep Yadav,DC,13,598,75,88,9,6,33.8,235,797.33,6.95
2017,Ruturaj Gaikwad,CSK,11,496,342,90,29,12,33.8,189,145.03,5.59
2017,Ben Stokes,CSK,6,659,553,68,11,9,26.8,273,119.17,10.19
2017,Rohit Sharma,DC,6,478,345,73,18,14,7.7,159,138.55,20.65
2017,Trent Boult,PBKS,5,328,414,7,9,24,35.4,334,79.23,9.44
2017,Shikhar Dhawan,KKR,9,595,414,12,2,22,7.7,328,143.72,42.6
2017,Jos Buttler,SRH,12,466,133,79,30,28,1.0,450,350.38,450.0
2017,Glenn Maxwell,MI,6,129,502,59,4,23,27.2,253,25.7,9.3
2017,Rahul Tripathi,SRH,12,378,144,76,27,12,36.3,189,262.5,5.21
2017,Riyan Parag,GT,11,386,86,57,34,1,32.9,5,448.84,0.15
2017,Jasprit Bumrah,MI,5,701,386,29,43,19,46.6,56,181.61,1.2
2017,Rashid Khan,RR,7,119,174,8,30,16,13.3,237,68.39,17.82
2017,Ruturaj Gaikwad,RCB,10,296,187,13,30,28,1.0,351,158.29,351.0
2017,Sunil Narine,MI,12,49,94,81,2,10,12.8,452,52.13,35.31
2017,Shikhar Dhawan,KKR,13,590,180,63,42,11,13.7,109,327.78,7.96
2017,Glenn Maxwell,PBKS,5,681,97,20,5,21,9.0,402,702.06,44.67
2017,Shikhar Dhawan,KKR,12,689,596,23,34,9,1.7,150,115.6,88.24
2017,Bhuvneshwar Kumar,PBKS,11,246,68,14,22,2,1.1,342,361.76,310.91
2017,Kieron Pollard,KKR,11,765,140,80,14,11,26.7,213,546.43,7.98
2017,Sunil Narine,PBKS,5,27,171,22,8,7,48.2,246,15.79,5.1
2017,Arshdeep Singh,SRH,7,0,587,40,16,22,7.9,448,0.0,56.71
2017,Ben Stokes,CSK,9,237,119,87,4,2,40.4,66,199.16,1.63
2017,Jos Buttler,PBKS,10,483,136,61,34,16,5.3,112,355.15,21.13
2017,Andre Russell,RCB,5,431,235,80,14,23,32.9,479,183.4,14.56
2017,Pat Cummins,RR,5,446,590,48,23,29,46.7,271,75.59,5.8
2017,Shubman Gill,RR,10,414,134,50,27,25,38.8,46,308.96,1.19
2017,Ravindra Jadeja,DC,14,244,528,33,31,14,10.9,66,46.21,6.06
2017,Jasprit Bumrah,MI,14,487,517,28,11,10,49.7,167,94.2,3.36
2017,KL Rahul,MI,6,330,498,27,20,4,33.5,12,66.27,0.36
2017,Ruturaj Gaikwad,SRH,6,515,460,93,38,20,12.2,247,111.96,20.25
2017,Bhuvneshwar Kumar,SRH,8,780,566,87,2,9,0.6,212,137.81,353.33
2017,KL Rahul,CSK,14,739,323,74,26,16,19.8,283,228.79,14.29
2017,Kagiso Rabada,GT,14,333,344,32,32,9,7.8,64,96.8,8.21
2017,Ruturaj Gaikwad,LSG,8,521,134,83,38,23,40.9,191,388.81,4.67
2017,Rashid Khan,RCB,7,665,206,85,19,5,44.7,227,322.82,5.08
2017,Tilak Varma,RR,10,545,533,70,37,6,14.2,31,102.25,2.18
2017,Tilak Varma,SRH,9,629,278,57,34,24,22.6,467,226.26,20.66
2017,Riyan Parag,SRH,5,434,224,91,0,10,30.3,142,193.75,4.69
2017,MS Dhoni,KKR,8,217,236,99,7,9,10.8,182,91.95,16.85
2018,Bhuvneshwar Kumar,PBKS,12,588,394,78,25,28,0.2,208,149.24,1040.0
2018,Tilak Varma,CSK,8,555,241,62,10,15,50.0,371,230.29,7.42
2018,Sunil Narine,SRH,13,178,136,64,25,3,24.5,314,130.88,12.82
2018,Virat Kohli,GT,9,614,505,81,9,11,30.8,133,121.58,4.32
2018,MS Dhoni,CSK,8,113,553,59,6,19,2.7,7,20.43,2.59
2018,Yuzvendra Chahal,MI,10,564,426,49,6,29,16.7,118,132.39,7.07
2018,Kagiso Rabada,RCB,10,445,244,99,25,9,36.7,70,182.38,1.91
2018,Suresh Raina,PBKS,7,89,267,5,42,15,27.8,356,33.33,12.81
2018,Andre Russell,SRH,11,236,527,37,31,23,18.9,44,44.78,2.33
2018,Bhuvneshwar Kumar,RCB,6,39,441,13,13,4,26.1,11,8.84,0.42
2018,Virat Kohli,RR,12,585,33,67,39,4,45.3,451,1772.73,9.96
2018,Suresh Raina,GT,7,254,196,3,43,17,36.5,149,129.59,4.08
2018,Rohit Sharma,GT,11,555,386,64,49,13,49.5,364,143.78,7.35
2018,Deepak Chahar,PBKS,9,426,406,66,41,15,24.5,352,104.93,14.37
2018,Rashid Khan,RR,8,662,342,14,0,9,24.3,359,193.57,14.77
2018,Rohit Sharma,LSG,9,559,86,2,47,20,15.0,58,650.0,3.87
2018,Faf du Plessis,DC,8,109,557,58,23,28,45.7,415,19.57,9.08
2018,Ravindra Jadeja,RR,8,104,238,71,35,12,9.0,156,43.7,17.33
2018,Tilak Varma,PBKS,9,218,381,87,23,16,44.7,243,57.22,5.44
2018,Rashid Khan,RCB,12,31,424,96,13,27,13.3,141,7.31,10.6
2018,Trent Boult,DC,11,286,302,31,24,22,15.1,147,94.7,9.74
2018,MS Dhoni,GT,7,120,495,60,4,23,21.7,284,24.24,13.09
2018,Rohit Sharma,KKR,5,770,160,30,23,20,39.3,131,481.25,3.33
2018,Ravindra Jadeja,RCB,9,654,408,99,40,16,28.5,291,160.29,10.21
2018,Pat Cummins,GT,5,152,458,16,41,23,32.1,197,33.19,6.14
2018,AB de Villiers,RCB,7,1,245,42,20,22,0.6,206,0.41,343.33
2018,Arshdeep Singh,LSG,5,187,482,63,37,7,31.2,245,38.8,7.85
2018,Kuldeep Yadav,LSG,13,458,289,66,22,26,6.4,467,158.48,72.97
2018,Kieron Pollard,PBKS,5,343,190,49,40,18,35.2,323,180.53,9.18
2018,Kagiso Rabada,SRH,7,484,462,75,48,20,18.4,241,104.76,13.1
2018,Suresh Raina,PBKS,9,125,461,47,11,10,39.3,171,27.11,4.35
2018,Kieron Pollard,SRH,11,111,192,53,7,29,8.8,136,57.81,15.45
2018,Bhuvneshwar Kumar,SRH,8,543,295,94,3,19,10.6,259,184.07,24.43
2018,Faf du Plessis,GT,9,589,229,51,34,4,19.9,173,257.21,8.69
2018,Axar Patel,CSK,10,720,21,42,3,11,10.0,30,3428.57,3.0
2018,Bhuvneshwar Kumar,GT,7,497,77,18,29,29,6.2,356,645.45,57.42
2018,Tilak Varma,MI,5,197,140,23,1,11,9.4,287,140.71,30.53
2018,KL Rahul,PBKS,12,193,486,59,27,17,33.1,14,39.71,0.42
2018,Pat Cummins,SRH,11,70,520,76,22,11,5.5,210,13.46,38.18
2018,AB de Villiers,PBKS,9,252,138,98,29,4,3.6,16,182.61,4.44
2018,Jos Buttler,KKR,8,777,256,93,49,13,16.5,498,303.52,30.18
2018,Shubman Gill,RCB,7,523,415,50,13,23,47.4,350,126.02,7.38
2018,Kieron Pollard,MI,8,645,93,19,18,4,7.1,9,693.55,1.27
2018,Kieron Pollard,CSK,13,537,235,46,7,10,37.5,76,228.51,2.03
2018,Kieron Pollard,GT,12,750,391,39,33,4,25.6,293,191.82,11.45
2018,Rohit Sharma,LSG,11,521,373,75,34,16,27.7,343,139.68,12.38
2018,Suresh Raina,RCB,11,350,181,35,18,13,44.7,200,193.37,4.47
2018,Glenn Maxwell,KKR,5,1,474,6,2,2,31.3,225,0.21,7.19
2018,Virat Kohli,DC,7,3,337,62,28,4,24.3,166,0.89,6.83
2018,Hardik Pandya,RCB,14,363,475,64,27,16,17.3,33,76.42,1.91
2018,Trent Boult,CSK,6,712,233,28,22,21,48.3,439,305.58,9.09
2018,Andre Russell,LSG,9,67,339,35,42,12,36.1,300,19.76,8.31
2018,Mohammed Shami,DC,6,57,278,97,1,0,11.4,499,20.5,43.77
2018,MS Dhoni,RCB,7,640,59,85,17,27,15.6,219,1084.75,14.04
2018,Suresh Raina,MI,8,751,355,42,15,12,9.7,470,211.55,48.45
2018,Faf du Plessis,PBKS,12,205,413,9,27,2,10.4,246,49.64,23.65
2018,Rahul Tripathi,DC,12,220,512,3,37,7,33.1,108,42.97,3.26
2018,Kieron Pollard,GT,12,521,187,88,13,17,33.9,474,278.61,13.98
2018,Jasprit Bumrah,GT,12,177,382,32,15,15,1.0,280,46.34,280.0
2018,Jos Buttler,RR,5,299,71,85,37,14,41.6,459,421.13,11.03
2018,KL Rahul,RR,7,764,254,10,14,15,18.0,492,300.79,27.33
2018,Mohammed Shami,DC,13,790,248,47,49,10,44.2,142,318.55,3.21
2018,Ruturaj Gaikwad,LSG,5,297,231,16,26,20,12.8,325,128.57,25.39
2018,Axar Patel,KKR,5,110,544,18,44,15,25.1,482,20.22,19.2
2018,Axar Patel,GT,11,425,189,79,37,24,5.3,88,224.87,16.6
2018,Rohit Sharma,GT,8,553,236,99,18,0,7.3,352,234.32,48.22
2018,Sunil Narine,DC,6,56,265,81,4,16,20.4,13,21.13,0.64
2018,Sunil Narine,RR,5,214,77,10,42,6,13.0,440,277.92,33.85
2018,Hardik Pandya,KKR,8,502,533,70,35,24,38.4,54,94.18,1.41
2018,Rashid Khan,RCB,11,284,50,34,15,23,16.8,12,568.0,0.71
2018,Axar Patel,MI,6,129,316,82,18,1,10.3,200,40.82,19.42
2018,Kieron Pollard,KKR,9,330,521,7,31,7,13.4,399,63.34,29.78
2018,Mohammed Shami,MI,7,382,384,26,9,21,15.7,108,99.48,6.88
2018,Jasprit Bumrah,GT,12,560,546,85,14,11,2.1,398,102.56,189.52
2018,Yuzvendra Chahal,RCB,11,562,123,84,25,13,17.2,219,456.91,12.73
2018,Arshdeep Singh,DC,12,445,555,15,12,18,1.9,286,80.18,150.53
2018,KL Rahul,RR,8,735,239,76,49,12,32.4,75,307.53,2.31
2018,Mohammed Shami,KKR,8,2,530,2,32,7,3.9,171,0.38,43.85
2018,Shikhar Dhawan,LSG,10,677,338,21,4,9,44.9,154,200.3,3.43
2018,Kuldeep Yadav,MI,11,131,250,12,2,18,17.2,472,52.4,27.44
2018,Rohit Sharma,RR,12,559,468,42,34,13,1.7,33,119.44,19.41
2018,Deepak Chahar,GT,9,757,25,27,30,3,36.6,5,3028.0,0.14
2018,Axar Patel,DC,12,326,279,17,36,28,20.7,30,116.85,1.45
2018,Andre Russell,SRH,6,608,176,99,18,16,43.1,429,345.45,9.95
2018,Suresh Raina,LSG,8,333,357,73,47,24,10.7,483,93.28,45.14
2018,Trent Boult,MI,10,730,101,72,17,17,23.8,478,722.77,20.08
2018,Ruturaj Gaikwad,GT,13,724,98,61,26,6,40.3,172,738.78,4.27
2018,Glenn Maxwell,DC,5,86,122,14,47,17,34.1,9,70.49,0.26
2018,Tilak Varma,RCB,14,587,424,96,8,22,47.5,419,138.44,8.82
2018,Mohammed Shami,RCB,11,696,88,84,28,25,9.0,23,790.91,2.56
2018,Ravindra Jadeja,PBKS,10,707,319,71,22,11,41.9,199,221.63,4.75
2018,Sanju Samson,GT,9,796,586,31,8,4,43.2,305,135.84,7.06
2018,Yuzvendra Chahal,LSG,10,12,415,66,18,28,6.3,30,2.89,4.76
2018,Jasprit Bumrah,SRH,9,36,474,25,41,26,42.8,15,7.59,0.35
2018,Trent Boult,MI,6,197,145,92,35,23,30.0,127,135.86,4.23
2018,Rohit Sharma,CSK,9,200,222,12,7,4,49.0,409,90.09,8.35
2018,Kuldeep Yadav,MI,11,401,29,80,19,20,19.7,246,1382.76,12.49
2018,Tilak Varma,RCB,8,705,522,32,15,7,37.6,391,135.06,10.4
2018,Jos Buttler,RCB,10,88,121,53,1,14,13.5,173,72.73,12.81
2018,MS Dhoni,KKR,8,240,469,33,30,3,46.6,136,51.17,2.92
2018,Kuldeep Yadav,MI,14,370,434,16,25,5,4.9,392,85.25,80.0
2018,Tilak Varma,KKR,6,757,22,65,43,13,15.9,338,3440.91,21.26
2018,Sunil Narine,MI,13,615,259,78,37,24,43.4,377,237.45,8.69
2018,AB de Villiers,CSK,9,375,243,30,12,11,40.2,427,154.32,10.62
2018,Trent Boult,GT,7,610,206,25,15,20,45.7,218,296.12,4.77
2018,Kuldeep Yadav,RCB,11,266,584,70,32,14,14.7,449,45.55,30.54
2018,Sunil Narine,RCB,5,786,291,79,48,18,11.9,240,270.1,20.17
2018,Ben Stokes,RR,7,365,219,98,46,22,40.5,314,166.67,7.75
2018,Mohammed Shami,MI,9,545,329,82,49,12,35.9,111,165.65,3.09
2018,Deepak Chahar,SRH,13,473,305,88,23,27,39.6,306,155.08,7.73
2018,Deepak Chahar,LSG,13,372,217,63,22,5,6.6,102,171.43,15.45
2018,MS Dhoni,CSK,13,310,550,1,26,0,16.5,151,56.36,9.15
2018,Ruturaj Gaikwad,KKR,10,697,528,46,43,23,25.7,390,132.01,15.18
2018,Faf du Plessis,SRH,9,191,208,11,31,17,36.1,141,91.83,3.91
2018,Virat Kohli,GT,14,351,570,2,34,29,22.3,359,61.58,16.1
2018,Kuldeep Yadav,PBKS,14,253,458,80,1,15,17.7,185,55.24,10.45
2018,Kuldeep Yadav,RCB,12,775,557,45,44,12,25.1,270,139.14,10.76
2018,Andre Russell,MI,12,295,595,8,41,13,23.5,415,49.58,17.66
2018,Glenn Maxwell,PBKS,14,131,312,41,14,26,46.2,268,41.99,5.8
2018,Shikhar Dhawan,CSK,11,297,438,80,8,9,7.2,172,67.81,23.89
2018,Deepak Chahar,MI,8,362,402,89,44,4,36.2,300,90.05,8.29
2018,Andre Russell,PBKS,5,541,258,48,49,24,39.8,173,209.69,4.35
2019,MS Dhoni,LSG,5,154,507,70,42,12,36.1,233,30.37,6.45
2019,Axar Patel,PBKS,11,266,269,45,17,15,42.4,403,98.88,9.5
2019,Kieron Pollard,DC,14,530,36,78,9,12,23.9,494,1472.22,20.67
2019,Tilak Varma,MI,14,728,345,10,32,2,42.6,277,211.01,6.5
2019,Virat Kohli,RR,9,153,565,89,6,0,34.0,386,27.08,11.35
2019,AB de Villiers,RR,8,117,525,26,0,5,36.3,193,22.29,5.32
2019,Shubman Gill,RCB,9,401,216,79,30,10,41.8,302,185.65,7.22
2019,Deepak Chahar,SRH,5,479,464,3,49,12,8.3,461,103.23,55.54
2019,Yuzvendra Chahal,LSG,12,774,66,3,19,4,47.0,494,1172.73,10.51
2019,Pat Cummins,CSK,7,84,111,85,21,13,42.8,476,75.68,11.12
2019,Yuzvendra Chahal,SRH,10,463,201,36,24,27,25.5,257,230.35,10.08
2019,Ravindra Jadeja,LSG,8,621,134,18,29,5,40.7,437,463.43,10.74
2019,Sanju Samson,GT,11,757,424,52,28,11,5.2,35,178.54,6.73
2019,Kuldeep Yadav,MI,13,188,245,77,9,22,0.8,284,76.73,355.0
2019,Ben Stokes,SRH,14,636,216,52,22,14,23.5,67,294.44,2.85
2019,Deepak Chahar,PBKS,5,153,221,85,16,14,44.9,334,69.23,7.44
2019,Bhuvneshwar Kumar,GT,8,241,255,39,26,23,46.6,270,94.51,5.79
2019,Ravindra Jadeja,SRH,11,55,134,55,24,9,32.2,446,41.04,13.85
2019,Sunil Narine,RR,6,343,123,25,4,13,6.6,135,278.86,20.45
2019,Sanju Samson,CSK,12,508,499,48,39,10,45.6,108,101.8,2.37
2019,Jasprit Bumrah,SRH,10,338,105,40,32,13,32.3,424,321.9,13.13
2019,Kagiso Rabada,DC,10,321,40,25,22,27,3.9,409,802.5,104.87
2019,KL Rahul,PBKS,6,587,252,52,47,27,19.9,183,232.94,9.2
2019,Bhuvneshwar Kumar,KKR,13,38,571,1,6,21,30.0,482,6.65,16.07
2019,Faf du Plessis,CSK,12,536,351,73,26,1,8.9,412,152.71,46.29
2019,Shikhar Dhawan,DC,10,421,478,44,49,23,42.3,334,88.08,7.9
2019,Ravindra Jadeja,MI,6,129,351,60,31,22,20.2,265,36.75,13.12
2019,Glenn Maxwell,RCB,11,116,403,14,42,14,23.8,74,28.78,3.11
2019,Trent Boult,LSG,14,281,149,46,5,25,41.3,69,188.59,1.67
2019,Virat Kohli,PBKS,10,585,482,66,16,0,8.4,284,121.37,33.81
2019,Sanju Samson,RCB,8,198,57,44,11,15,15.4,438,347.37,28.44
2019,Shubman Gill,LSG,10,694,349,9,48,6,22.3,29,198.85,1.3
2019,Tilak Varma,DC,14,179,580,60,24,5,2.6,232,30.86,89.23
2019,Sanju Samson,DC,10,589,149,46,20,11,29.2,380,395.3,13.01
2019,Jos Buttler,KKR,12,148,382,45,5,24,15.9,334,38.74,21.01
2019,Kuldeep Yadav,DC,14,729,482,30,5,26,2.4,130,151.24,54.17
2019,Rohit Sharma,KKR,12,81,547,82,28,1,21.1,259,14.81,12.27
2019,Jasprit Bumrah,GT,13,342,57,1,15,21,31.2,29,600.0,0.93
2019,Rohit Sharma,GT,5,67,72,8,34,2,2.7,94,93.06,34.81
2019,Ben Stokes,KKR,6,250,137,89,27,11,40.4,322,182.48,7.97
2019,Ravindra Jadeja,CSK,9,211,60,53,23,8,2.1,31,351.67,14.76
2019,Andre Russell,DC,12,595,132,77,21,18,4.1,379,450.76,92.44
2019,Kuldeep Yadav,RCB,5,283,558,12,40,12,21.7,241,50.72,11.11
2019,Shikhar Dhawan,RR,6,516,42,2,34,14,23.4,422,1228.57,18.03
2019,Ben Stokes,MI,11,573,396,57,10,16,0.8,321,144.7,401.25
2019,Sanju Samson,CSK,5,106,177,26,42,11,29.9,110,59.89,3.68
2019,Axar Patel,SRH,11,31,542,77,22,15,7.3,80,5.72,10.96
2019,Kagiso Rabada,MI,9,78,465,16,46,24,48.1,246,16.77,5.11
2019,Yuzvendra Chahal,LSG,12,511,190,76,27,22,35.7,323,268.95,9.05
2019,Ben Stokes,SRH,6,70,330,68,49,14,3.9,402,21.21,103.08
2019,Sunil Narine,LSG,5,57,160,79,42,19,24.1,451,35.62,18.71
2019,Yuzvendra Chahal,CSK,7,17,598,10,40,6,38.8,258,2.84,6.65
2019,Bhuvneshwar Kumar,SRH,9,709,272,82,40,29,6.7,481,260.66,71.79
2019,Deepak Chahar,GT,10,228,223,49,20,5,49.1,305,102.24,6.21
2019,Sanju Samson,GT,14,188,394,16,3,25,23.5,124,47.72,5.28
2019,Ruturaj Gaikwad,KKR,10,657,534,13,1,28,4.1,199,123.03,48.54
2019,Shikhar Dhawan,RCB,14,771,533,77,0,27,46.1,464,144.65,10.07
2019,Glenn Maxwell,RR,7,797,556,24,15,0,9.9,441,143.35,44.55
2019,Suresh Raina,GT,11,329,131,31,15,2,12.3,243,251.15,19.76
2019,Rahul Tripathi,SRH,13,260,498,29,6,24,23.4,406,52.21,17.35
2019,Kagiso Rabada,SRH,12,617,464,18,29,24,6.7,150,132.97,22.39
2019,Trent Boult,RR,6,506,172,95,35,15,36.2,384,294.19,10.61
2019,Mohammed Shami,KKR,10,469,66,49,28,22,46.4,90,710.61,1.94
2019,MS Dhoni,LSG,11,445,55,65,26,13,30.2,462,809.09,15.3
2019,AB de Villiers,LSG,10,210,327,6,47,27,14.7,83,64.22,5.65
2019,Deepak Chahar,MI,9,51,349,0,19,21,15.9,442,14.61,27.8
2019,Tilak Varma,RR,9,752,75,53,35,14,18.2,336,1002.67,18.46
2019,AB de Villiers,KKR,11,700,352,61,31,26,44.1,85,198.86,1.93
2019,Ruturaj Gaikwad,KKR,14,690,332,13,12,22,36.9,81,207.83,2.2
2019,Pat Cummins,LSG,11,573,274,22,31,21,29.0,42,209.12,1.45
2019,MS Dhoni,RR,8,190,185,18,45,11,2.8,17,102.7,6.07
2019,Mohammed Shami,RR,12,182,255,53,12,23,45.0,205,71.37,4.56
2019,Faf du Plessis,GT,6,344,136,93,12,14,7.9,474,252.94,60.0
2019,Faf du Plessis,SRH,13,699,272,3,8,21,7.7,281,256.99,36.49
2019,KL Rahul,CSK,10,693,409,60,35,2,12.7,488,169.44,38.43
2019,Rohit Sharma,PBKS,6,722,585,86,34,29,42.1,269,123.42,6.39
2019,Riyan Parag,DC,11,13,182,60,37,13,12.8,226,7.14,17.66
2019,AB de Villiers,MI,7,527,345,86,42,25,30.2,163,152.75,5.4
2019,Rahul Tripathi,KKR,9,317,521,65,37,18,23.1,306,60.84,13.25
2019,Ruturaj Gaikwad,RCB,5,43,316,92,30,20,13.4,422,13.61,31.49
2019,Pat Cummins,PBKS,10,44,549,7,3,5,24.6,463,8.01,18.82
2019,Tilak Varma,GT,12,108,272,51,2,2,20.1,357,39.71,17.76
2019,Yuzvendra Chahal,RR,10,468,96,18,3,25,4.7,94,487.5,20.0
2019,Sanju Samson,RR,8,129,310,39,33,25,28.9,487,41.61,16.85
2019,Tilak Varma,PBKS,9,41,62,85,46,27,25.5,136,66.13,5.33
2019,KL Rahul,SRH,7,757,423,66,42,10,49.5,454,178.96,9.17
2019,Shubman Gill,GT,9,277,593,26,43,23,40.1,460,46.71,11.47
2019,Suresh Raina,DC,11,581,71,61,31,5,15.2,410,818.31,26.97
2019,Trent Boult,RCB,13,156,481,51,29,9,48.4,0,32.43,0.0
2019,David Warner,KKR,13,6,485,89,29,1,8.7,293,1.24,33.68
2019,MS Dhoni,CSK,8,463,562,31,12,0,33.0,413,82.38,12.52
2019,Pat Cummins,SRH,13,198,198,88,29,13,41.6,289,100.0,6.95
2019,Axar Patel,PBKS,9,383,335,32,2,20,32.8,336,114.33,10.24
2019,Suresh Raina,RR,7,105,131,9,28,10,7.5,161,80.15,21.47
2019,Mohammed Shami,MI,14,760,494,95,23,13,25.8,475,153.85,18.41
2019,Deepak Chahar,DC,7,594,193,80,39,11,21.1,369,307.77,17.49
2019,AB de Villiers,GT,13,438,480,19,26,25,47.4,191,91.25,4.03
2019,Pat Cummins,LSG,14,423,311,93,31,21,20.3,398,136.01,19.61
2019,Hardik Pandya,CSK,9,484,569,55,23,6,13.8,112,85.06,8.12
2019,Andre Russell,KKR,10,421,162,80,28,7,28.7,85,259.88,2.96
2019,Axar Patel,RR,8,277,91,14,37,0,46.7,391,304.4,8.37
2019,Hardik Pandya,GT,9,583,472,46,5,29,21.0,273,123.52,13.0
2019,Rahul Tripathi,DC,8,558,474,43,32,4,43.1,351,117.72,8.14
2019,Trent Boult,PBKS,7,401,536,42,47,12,17.6,467,74.81,26.53
2019,Rohit Sharma,DC,6,534,48,32,14,1,6.1,337,1112.5,55.25
2019,Arshdeep Singh,CSK,12,588,157,83,47,11,48.3,185,374.52,3.83
2019,Glenn Maxwell,RR,9,305,175,16,40,29,35.4,235,174.29,6.64
2019,Riyan Parag,CSK,11,798,112,32,47,29,32.1,386,712.5,12.02
2019,Kagiso Rabada,SRH,8,620,61,38,5,20,49.3,64,1016.39,1.3
2019,Kieron Pollard,MI,8,26,312,81,22,24,43.9,370,8.33,8.43
2019,Yuzvendra Chahal,RCB,7,686,566,83,22,4,29.2,21,121.2,0.72
2019,Tilak Varma,SRH,10,668,302,91,37,7,12.4,341,221.19,27.5
2019,Ruturaj Gaikwad,RR,10,617,28,83,21,19,15.8,335,2203.57,21.2
2019,Andre Russell,SRH,13,364,201,45,12,14,46.5,270,181.09,5.81
2019,Ruturaj Gaikwad,KKR,5,731,522,11,32,3,28.2,220,140.04,7.8
2019,Ben Stokes,DC,7,346,233,60,49,11,47.9,334,148.5,6.97
2019,KL Rahul,DC,11,177,306,4,38,7,37.9,126,57.84,3.32
2019,Arshdeep Singh,DC,13,121,539,53,1,27,12.7,245,22.45,19.29
2019,Riyan Parag,SRH,12,662,273,59,44,5,23.9,54,242.49,2.26
2019,Kieron Pollard,MI,14,78,251,20,5,26,0.8,64,31.08,80.0
2019,Sunil Narine,MI,6,578,560,63,25,5,30.9,1,103.21,0.03
2019,Tilak Varma,KKR,8,486,400,10,27,14,0.5,269,121.5,538.0
2019,Glenn Maxwell,GT,5,16,567,3,27,26,40.1,362,2.82,9.03
2019,Pat Cummins,CSK,13,444,403,18,3,2,31.6,80,110.17,2.53
2019,Hardik Pandya,RR,10,302,198,81,36,27,49.0,91,152.53,1.86
2019,Virat Kohli,SRH,12,352,351,76,45,13,2.8,146,100.28,52.14
2019,Jos Buttler,RCB,10,210,471,50,22,28,41.1,153,44.59,3.72
2019,Axar Patel,LSG,13,614,245,30,23,20,44.5,491,250.61,11.03
2019,Sanju Samson,KKR,12,41,115,87,32,5,45.6,478,35.65,10.48
2019,Ruturaj Gaikwad,PBKS,7,509,413,6,12,23,15.9,291,123.24,18.3
2019,Hardik Pandya,LSG,13,709,431,51,0,8,35.2,274,164.5,7.78
2019,Ravindra Jadeja,RCB,9,561,26,70,25,17,38.2,175,2157.69,4.58
2019,Andre Russell,MI,11,581,334,44,31,28,4.2,195,173.95,46.43
2019,Jasprit Bumrah,GT,13,126,174,48,25,15,27.0,306,72.41,11.33
2019,Ruturaj Gaikwad,RR,5,788,570,94,32,21,31.2,413,138.25,13.24
2019,David Warner,MI,9,214,577,60,25,10,26.4,68,37.09,2.58
2019,Virat Kohli,DC,11,57,152,85,25,14,17.1,359,37.5,20.99
2019,Sunil Narine,RCB,10,619,221,75,5,24,20.5,300,280.09,14.63
2019,Kagiso Rabada,PBKS,7,272,169,43,12,10,14.0,38,160.95,2.71
2019,Yuzvendra Chahal,KKR,11,145,85,76,31,11,41.3,52,170.59,1.26
2019,Kuldeep Yadav,SRH,10,541,276,81,12,8,10.0,118,196.01,11.8
2019,Andre Russell,SRH,9,549,492,95,18,24,3.6,150,111.59,41.67
2019,Pat Cummins,RR,7,717,559,64,27,25,37.2,486,128.26,13.06
2019,Pat Cummins,RCB,5,133,329,10,5,27,30.2,265,40.43,8.77
2019,Kuldeep Yadav,RR,14,462,572,42,10,15,7.0,287,80.77,41.0
2019,MS Dhoni,MI,9,339,342,22,22,12,44.2,301,99.12,6.81
2019,Hardik Pandya,KKR,11,220,76,17,2,23,0.9,313,289.47,347.78
2019,Deepak Chahar,SRH,5,799,422,91,19,7,44.6,306,189.34,6.86
2020,Kieron Pollard,DC,7,591,109,66,6,13,10.9,411,542.2,37.71
2020,Hardik Pandya,SRH,7,160,156,61,46,27,15.2,158,102.56,10.39
2020,Tilak Varma,GT,14,152,165,62,10,9,39.8,8,92.12,0.2
2020,Pat Cummins,RCB,10,172,505,8,1,19,36.7,378,34.06,10.3
2020,David Warner,RCB,10,516,144,24,16,9,7.8,184,358.33,23.59
2020,Kieron Pollard,RCB,7,702,218,13,36,11,0.9,335,322.02,372.22
2020,Riyan Parag,CSK,11,78,432,70,16,5,3.0,410,18.06,136.67
2020,Rahul Tripathi,RCB,6,304,278,24,17,1,33.6,30,109.35,0.89
2020,Trent Boult,KKR,5,652,420,44,3,22,9.8,404,155.24,41.22
2020,Glenn Maxwell,RR,12,547,267,36,40,15,25.9,452,204.87,17.45
2020,Deepak Chahar,MI,14,24,321,82,28,5,34.8,20,7.48,0.57
2020,KL Rahul,PBKS,7,780,383,36,23,22,40.0,147,203.66,3.68
2020,Rohit Sharma,DC,8,574,579,8,40,6,25.5,232,99.14,9.1
2020,Faf du Plessis,KKR,10,377,222,0,20,6,32.2,429,169.82,13.32
2020,Ravindra Jadeja,PBKS,12,529,327,6,27,23,36.7,384,161.77,10.46
2020,Axar Patel,CSK,10,261,473,54,43,21,29.8,101,55.18,3.39
2020,Mohammed Shami,GT,10,627,416,75,37,27,21.5,479,150.72,22.28
2020,Rohit Sharma,LSG,5,435,147,21,16,28,38.6,476,295.92,12.33
2020,David Warner,KKR,9,386,43,49,8,10,26.6,112,897.67,4.21
2020,Ben Stokes,RR,6,493,593,4,22,4,45.6,332,83.14,7.28
2020,Andre Russell,RR,12,722,287,99,32,19,35.5,281,251.57,7.92
2020,Glenn Maxwell,KKR,10,344,570,36,40,7,29.1,294,60.35,10.1
2020,Virat Kohli,LSG,13,481,103,1,35,26,41.9,64,466.99,1.53
2020,Axar Patel,KKR,11,476,422,74,45,18,28.1,249,112.8,8.86
2020,MS Dhoni,GT,11,630,225,19,11,5,30.0,36,280.0,1.2
2020,Rahul Tripathi,CSK,8,437,558,26,23,0,27.7,332,78.32,11.99
2020,Glenn Maxwell,CSK,5,659,71,0,42,25,18.2,177,928.17,9.73
2020,KL Rahul,KKR,11,633,305,16,39,26,9.1,151,207.54,16.59
2020,Sanju Samson,DC,11,108,351,47,21,21,12.1,61,30.77,5.04
2020,Suresh Raina,MI,12,440,399,73,12,12,20.0,269,110.28,13.45
2020,Kuldeep Yadav,KKR,11,446,259,84,25,7,16.7,27,172.2,1.62
2020,Arshdeep Singh,DC,6,213,209,73,46,4,32.9,433,101.91,13.16
2020,Jos Buttler,PBKS,12,306,386,60,41,18,47.4,191,79.27,4.03
2020,Kieron Pollard,RR,11,326,47,82,21,4,34.4,170,693.62,4.94
2020,Ben Stokes,SRH,10,295,395,9,39,4,12.7,106,74.68,8.35
2020,MS Dhoni,DC,7,753,93,36,43,24,19.1,310,809.68,16.23
2020,David Warner,SRH,9,305,166,3,39,3,26.8,133,183.73,4.96
2020,Bhuvneshwar Kumar,PBKS,6,293,451,25,3,11,18.8,315,64.97,16.76
2020,Kieron Pollard,KKR,6,683,306,15,0,12,1.9,280,223.2,147.37
2020,Ben Stokes,RR,8,374,229,3,11,19,21.2,103,163.32,4.86
2020,Kuldeep Yadav,CSK,7,747,130,40,42,9,30.0,470,574.62,15.67
2020,Virat Kohli,RCB,12,129,58,65,17,7,49.4,419,222.41,8.48
2020,Virat Kohli,LSG,11,783,579,32,35,9,0.2,77,135.23,385.0
2020,Yuzvendra Chahal,DC,14,673,168,29,25,27,20.9,192,400.6,9.19
2020,Pat Cummins,PBKS,12,80,305,13,2,16,37.0,329,26.23,8.89
2020,David Warner,SRH,14,73,166,99,36,15,4.7,225,43.98,47.87
2020,Glenn Maxwell,DC,10,247,254,74,46,13,30.7,330,97.24,10.75
2020,Virat Kohli,SRH,8,50,25,16,44,13,41.1,464,200.0,11.29
2020,Glenn Maxwell,PBKS,13,779,314,99,42,19,24.1,161,248.09,6.68
2020,Ravindra Jadeja,RCB,10,209,61,48,2,12,26.6,111,342.62,4.17
2020,Kuldeep Yadav,RCB,11,615,345,9,34,28,41.0,147,178.26,3.59
2020,Rahul Tripathi,DC,13,657,106,41,18,6,48.6,33,619.81,0.68
2020,Bhuvneshwar Kumar,CSK,8,418,125,76,48,15,9.0,188,334.4,20.89
2020,Virat Kohli,LSG,8,356,241,72,9,4,7.3,352,147.72,48.22
2020,Glenn Maxwell,MI,10,700,398,57,23,19,44.5,297,175.88,6.67
2020,Shikhar Dhawan,MI,10,491,249,33,40,13,38.4,62,197.19,1.61
2020,Jasprit Bumrah,KKR,8,733,574,88,9,25,21.1,334,127.7,15.83
2020,Arshdeep Singh,LSG,8,80,383,30,18,19,28.5,100,20.89,3.51
2020,Ravindra Jadeja,RR,8,170,48,61,11,17,44.9,377,354.17,8.4
2020,KL Rahul,MI,10,15,270,27,22,28,38.5,44,5.56,1.14
2020,Rahul Tripathi,MI,14,56,496,82,45,21,43.1,112,11.29,2.6
2020,David Warner,CSK,13,529,41,20,43,14,27.9,420,1290.24,15.05
2020,Kagiso Rabada,DC,13,13,560,87,27,28,26.0,178,2.32,6.85
2020,Deepak Chahar,MI,10,100,457,33,48,0,15.2,413,21.88,27.17
2020,Riyan Parag,KKR,8,538,474,74,14,26,36.4,319,113.5,8.76
2020,Pat Cummins,CSK,7,529,354,64,25,24,37.1,68,149.44,1.83
2020,Arshdeep Singh,MI,10,264,459,68,23,14,42.6,477,57.52,11.2
2020,Kagiso Rabada,RCB,11,341,119,12,3,22,10.0,339,286.55,33.9
2020,Jasprit Bumrah,GT,8,526,362,91,20,21,41.9,103,145.3,2.46
2020,Kuldeep Yadav,CSK,13,611,452,8,38,1,10.8,273,135.18,25.28
2020,Rashid Khan,MI,12,428,247,33,36,26,41.6,327,173.28,7.86
2020,Hardik Pandya,LSG,5,782,549,90,18,22,32.2,81,142.44,2.52
2020,Ruturaj Gaikwad,RCB,7,707,248,19,20,27,49.8,441,285.08,8.86
2020,Ruturaj Gaikwad,KKR,12,98,255,68,15,12,48.1,348,38.43,7.23
2020,Riyan Parag,KKR,10,181,73,60,11,16,35.9,441,247.95,12.28
2020,Shikhar Dhawan,RR,12,164,525,38,6,28,48.2,227,31.24,4.71
2020,Faf du Plessis,SRH,5,624,253,11,7,11,28.9,423,246.64,14.64
2020,AB de Villiers,CSK,10,12,556,27,1,11,14.4,58,2.16,4.03
2020,Yuzvendra Chahal,MI,8,697,109,68,39,26,2.2,445,639.45,202.27
2020,Faf du Plessis,GT,8,572,63,95,28,23,49.2,51,907.94,1.04
2020,Axar Patel,RCB,13,484,311,16,13,14,48.0,171,155.63,3.56
2020,MS Dhoni,LSG,13,714,390,92,28,3,42.3,384,183.08,9.08
2020,Pat Cummins,RR,12,608,231,88,49,16,20.6,350,263.2,16.99
2020,Hardik Pandya,MI,7,280,42,85,29,5,12.8,350,666.67,27.34
2020,Rashid Khan,CSK,7,89,531,89,6,14,47.5,200,16.76,4.21
2020,Bhuvneshwar Kumar,RR,11,150,303,0,22,26,16.0,223,49.5,13.94
2020,Arshdeep Singh,RCB,5,493,125,13,47,18,22.1,28,394.4,1.27
2020,Rohit Sharma,KKR,10,293,148,61,2,0,17.6,161,197.97,9.15
2020,Jos Buttler,SRH,8,648,191,40,33,22,23.1,405,339.27,17.53
2020,Glenn Maxwell,RR,6,253,242,34,43,24,32.9,178,104.55,5.41
2020,Ravindra Jadeja,RCB,9,270,405,81,37,8,45.8,258,66.67,5.63
2020,Deepak Chahar,MI,12,181,449,0,33,7,41.2,54,40.31,1.31
2020,Glenn Maxwell,GT,14,573,430,51,6,7,18.0,284,133.26,15.78
2020,Shubman Gill,DC,5,553,535,82,29,12,44.6,309,103.36,6.93
2020,Ruturaj Gaikwad,PBKS,6,719,239,58,47,12,0.8,52,300.84,65.0
2020,Ravindra Jadeja,LSG,5,708,93,22,6,8,18.5,260,761.29,14.05
2020,Shubman Gill,MI,6,715,193,52,15,19,34.2,398,370.47,11.64
2020,Hardik Pandya,LSG,11,407,217,23,12,26,21.0,162,187.56,7.71
2020,Bhuvneshwar Kumar,MI,9,659,289,36,15,15,36.7,384,228.03,10.46
2020,Deepak Chahar,MI,9,360,295,74,6,6,23.8,201,122.03,8.45
2020,Kieron Pollard,PBKS,10,142,128,47,5,25,19.6,408,110.94,20.82
2020,AB de Villiers,LSG,13,593,381,51,7,3,13.4,88,155.64,6.57
2020,Trent Boult,DC,12,501,501,91,14,13,29.7,394,100.0,13.27
2020,Yuzvendra Chahal,CSK,8,662,413,14,10,13,15.2,206,160.29,13.55
2020,Virat Kohli,SRH,7,616,217,96,3,18,30.3,48,283.87,1.58
2020,Shikhar Dhawan,DC,12,23,502,58,42,21,15.3,303,4.58,19.8
2020,Ben Stokes,PBKS,8,751,568,2,35,7,15.5,207,132.22,13.35
2020,Axar Patel,DC,14,94,599,32,46,7,48.6,113,15.69,2.33
2020,Shubman Gill,MI,5,486,439,78,6,5,46.6,277,110.71,5.94
2020,Hardik Pandya,GT,11,147,515,64,36,1,46.3,57,28.54,1.23
2020,Shubman Gill,CSK,8,77,294,79,14,26,44.4,329,26.19,7.41
2020,Faf du Plessis,GT,6,738,350,65,11,8,4.8,54,210.86,11.25
2020,Pat Cummins,LSG,6,84,372,63,41,8,13.5,338,22.58,25.04
2020,David Warner,GT,11,552,555,95,48,29,26.7,86,99.46,3.22
2020,Ben Stokes,PBKS,5,54,519,54,45,14,14.2,295,10.4,20.77
2020,MS Dhoni,RCB,10,307,456,13,5,20,32.4,139,67.32,4.29
2020,Kieron Pollard,CSK,8,433,286,68,6,21,35.7,270,151.4,7.56
2020,Axar Patel,SRH,6,680,456,34,9,22,17.4,385,149.12,22.13
2020,Shubman Gill,DC,5,755,122,38,7,9,16.8,373,618.85,22.2
2020,Trent Boult,PBKS,6,299,185,13,27,9,0.9,110,161.62,122.22
2020,Sunil Narine,PBKS,7,711,85,54,31,14,29.5,219,836.47,7.42
2020,Faf du Plessis,RR,12,391,200,60,18,5,40.8,266,195.5,6.52
2020,Kieron Pollard,DC,11,615,227,48,14,15,28.2,116,270.93,4.11
2020,Arshdeep Singh,PBKS,12,412,214,94,10,0,3.2,131,192.52,40.94
2020,Trent Boult,KKR,14,427,420,87,42,20,13.1,44,101.67,3.36
2020,Bhuvneshwar Kumar,RCB,13,129,515,8,30,16,31.7,204,25.05,6.44
2020,Jasprit Bumrah,KKR,7,163,30,58,17,23,3.3,1,543.33,0.3
2020,Ravindra Jadeja,GT,11,501,391,72,4,29,49.8,9,128.13,0.18
2020,Glenn Maxwell,RR,11,444,207,35,48,11,16.8,486,214.49,28.93
2021,Faf du Plessis,MI,6,37,144,9,37,12,0.1,115,25.69,1150.0
2021,Glenn Maxwell,GT,8,196,446,69,17,13,1.2,41,43.95,34.17
2021,Rahul Tripathi,MI,5,651,490,79,17,15,21.2,427,132.86,20.14
2021,Suresh Raina,DC,13,632,64,68,23,7,24.8,151,987.5,6.09
2021,Mohammed Shami,KKR,13,667,352,52,41,14,39.8,431,189.49,10.83
2021,Suresh Raina,KKR,7,693,421,32,47,3,16.3,5,164.61,0.31
2021,Axar Patel,SRH,9,388,101,70,9,27,17.5,304,384.16,17.37
2021,Trent Boult,RR,8,356,200,15,41,3,9.2,184,178.0,20.0
2021,AB de Villiers,RR,5,166,56,92,6,15,47.3,256,296.43,5.41
2021,Yuzvendra Chahal,KKR,11,203,589,42,18,8,41.6,85,34.47,2.04
2021,Sanju Samson,DC,9,650,422,51,24,8,30.4,480,154.03,15.79
2021,Kieron Pollard,LSG,7,306,211,27,29,26,2.8,249,145.02,88.93
2021,Arshdeep Singh,GT,9,308,540,30,43,25,32.3,166,57.04,5.14
2021,Hardik Pandya,LSG,5,310,525,2,12,8,4.6,363,59.05,78.91
2021,Sunil Narine,KKR,7,317,465,94,16,16,8.7,50,68.17,5.75
2021,Shikhar Dhawan,SRH,5,395,132,23,39,3,21.0,390,299.24,18.57
2021,Shikhar Dhawan,RCB,9,68,110,42,8,6,15.6,92,61.82,5.9
2021,Ravindra Jadeja,DC,14,681,309,37,40,4,35.6,115,220.39,3.23
2021,Faf du Plessis,MI,5,274,404,16,29,26,3.4,109,67.82,32.06
2021,Shikhar Dhawan,RCB,8,442,588,71,33,18,14.2,225,75.17,15.85
2021,Sunil Narine,CSK,8,414,529,69,20,25,42.6,45,78.26,1.06
2021,Ravindra Jadeja,RCB,6,236,333,31,0,28,28.3,83,70.87,2.93
2021,David Warner,PBKS,5,245,557,88,24,27,36.6,137,43.99,3.74
2021,Ruturaj Gaikwad,MI,8,206,382,93,14,11,49.0,465,53.93,9.49
2021,Rohit Sharma,SRH,13,667,343,2,48,7,1.3,352,194.46,270.77
2021,Bhuvneshwar Kumar,SRH,5,18,352,44,19,18,32.8,189,5.11,5.76
2021,Yuzvendra Chahal,CSK,6,364,359,3,4,17,0.9,380,101.39,422.22
2021,Glenn Maxwell,KKR,9,744,311,6,30,19,3.0,417,239.23,139.0
2021,Tilak Varma,KKR,11,790,297,53,5,23,47.1,111,265.99,2.36
2021,Andre Russell,RCB,12,524,183,2,44,7,3.1,165,286.34,53.23
2021,Rohit Sharma,MI,14,193,31,53,34,15,30.1,278,622.58,9.24
2021,Glenn Maxwell,MI,14,79,205,81,17,18,38.8,130,38.54,3.35
2021,Shikhar Dhawan,GT,10,393,75,56,14,25,37.0,73,524.0,1.97
2021,Deepak Chahar,DC,14,445,360,79,45,26,12.6,250,123.61,19.84
2021,Deepak Chahar,GT,12,603,406,32,43,16,38.6,378,148.52,9.79
2021,Rahul Tripathi,RR,14,528,168,16,28,6,42.3,340,314.29,8.04
2021,Rashid Khan,LSG,10,696,372,88,17,25,18.4,85,187.1,4.62
2021,KL Rahul,PBKS,12,379,248,70,43,8,2.5,216,152.82,86.4
2021,Ruturaj Gaikwad,KKR,8,791,254,75,12,21,16.5,284,311.42,17.21
2021,Mohammed Shami,SRH,6,401,230,35,9,4,42.9,332,174.35,7.74
2021,David Warner,KKR,7,26,318,15,15,3,40.3,486,8.18,12.06
2021,Arshdeep Singh,KKR,8,46,576,18,33,9,0.5,105,7.99,210.0
2021,Kieron Pollard,KKR,14,587,223,25,11,2,32.6,3,263.23,0.09
2021,Jos Buttler,DC,12,108,584,72,43,16,23.3,282,18.49,12.1
2021,Jasprit Bumrah,SRH,10,258,250,9,47,20,22.3,192,103.2,8.61
2021,Yuzvendra Chahal,PBKS,9,364,110,86,6,28,12.7,457,330.91,35.98
2021,Faf du Plessis,DC,11,794,395,40,36,23,40.3,322,201.01,7.99
2021,Sunil Narine,SRH,6,507,184,25,2,28,24.0,465,275.54,19.38
2021,Kieron Pollard,CSK,5,264,404,80,3,7,32.4,451,65.35,13.92
2021,Kieron Pollard,SRH,6,287,45,58,31,3,15.0,92,637.78,6.13
2021,David Warner,RR,12,214,253,2,28,4,42.3,196,84.58,4.63
2021,Mohammed Shami,LSG,12,4,589,51,44,20,47.1,470,0.68,9.98
2021,Virat Kohli,MI,13,366,31,2,20,13,43.9,354,1180.65,8.06
2021,Axar Patel,PBKS,14,167,54,97,49,10,3.6,389,309.26,108.06
2021,Jasprit Bumrah,RR,10,56,184,80,45,22,34.5,155,30.43,4.49
2021,Yuzvendra Chahal,SRH,7,50,471,23,6,23,37.2,415,10.62,11.16
2021,Andre Russell,RCB,11,727,557,76,46,15,29.6,406,130.52,13.72
2021,KL Rahul,CSK,12,198,556,72,9,4,11.3,72,35.61,6.37
2021,Andre Russell,CSK,10,709,401,84,4,6,17.2,338,176.81,19.65
2021,Jasprit Bumrah,LSG,6,312,517,28,45,19,23.2,294,60.35,12.67
2021,Yuzvendra Chahal,SRH,8,531,584,54,43,6,15.2,261,90.92,17.17
2021,Virat Kohli,DC,13,514,412,5,25,18,48.3,242,124.76,5.01
2021,Deepak Chahar,PBKS,8,156,251,62,19,22,42.0,273,62.15,6.5
2021,Sanju Samson,GT,12,300,339,55,41,28,46.3,402,88.5,8.68
2021,Suresh Raina,RR,6,68,392,97,46,5,7.6,163,17.35,21.45
2021,Jos Buttler,MI,14,610,393,73,43,3,12.2,381,155.22,31.23
2021,Pat Cummins,KKR,8,566,370,30,5,24,28.9,319,152.97,11.04
2021,Rashid Khan,DC,10,153,71,19,1,27,11.4,260,215.49,22.81
2021,Deepak Chahar,CSK,9,269,35,58,28,8,43.4,148,768.57,3.41
2021,Andre Russell,DC,12,784,318,29,15,13,23.3,274,246.54,11.76
2021,Bhuvneshwar Kumar,SRH,7,520,354,10,44,21,45.5,476,146.89,10.46
2021,MS Dhoni,LSG,14,265,140,23,16,23,16.8,43,189.29,2.56
2021,Deepak Chahar,PBKS,11,745,78,31,21,6,8.2,17,955.13,2.07
2021,Suresh Raina,RR,12,456,523,97,17,12,47.8,168,87.19,3.51
2021,Ben Stokes,KKR,9,390,316,56,41,15,22.6,51,123.42,2.26
2021,Sanju Samson,KKR,10,278,594,93,33,14,36.4,403,46.8,11.07
2021,Ravindra Jadeja,DC,5,78,458,21,46,16,45.8,441,17.03,9.63
2021,Andre Russell,RCB,7,44,148,57,40,16,45.7,57,29.73,1.25
2021,Rashid Khan,PBKS,7,490,85,15,12,1,7.7,119,576.47,15.45
2021,MS Dhoni,GT,14,346,485,88,12,5,4.2,117,71.34,27.86
2021,Ruturaj Gaikwad,LSG,12,756,262,81,16,6,7.7,245,288.55,31.82
2021,Andre Russell,PBKS,12,290,498,66,43,8,18.3,7,58.23,0.38
2021,Mohammed Shami,DC,5,80,150,55,6,20,5.8,445,53.33,76.72
2021,Mohammed Shami,RR,10,96,43,89,8,8,45.0,52,223.26,1.16
2021,AB de Villiers,CSK,14,272,118,74,28,22,1.7,57,230.51,33.53
2021,Tilak Varma,CSK,5,616,200,50,2,21,19.4,270,308.0,13.92
2021,Rashid Khan,CSK,14,0,575,27,27,9,24.4,135,0.0,5.53
2021,AB de Villiers,DC,13,546,274,48,34,7,10.3,67,199.27,6.5
2021,Shikhar Dhawan,RCB,12,143,66,62,6,27,45.6,5,216.67,0.11
2021,KL Rahul,CSK,10,787,183,58,42,20,18.0,492,430.05,27.33
2021,Pat Cummins,MI,10,231,227,71,35,12,48.3,206,101.76,4.27
2021,Rashid Khan,CSK,8,214,473,28,4,21,18.5,77,45.24,4.16
2021,Jos Buttler,LSG,9,151,299,77,40,5,20.5,8,50.5,0.39
2021,Faf du Plessis,PBKS,14,537,103,3,43,22,42.1,479,521.36,11.38
2021,Rohit Sharma,PBKS,9,739,177,97,45,17,31.3,105,417.51,3.35
2021,Kuldeep Yadav,KKR,6,74,444,93,8,10,25.5,148,16.67,5.8
2021,Hardik Pandya,LSG,6,150,116,34,48,19,35.0,474,129.31,13.54
2021,Kuldeep Yadav,LSG,7,7,320,69,26,20,28.1,356,2.19,12.67
2021,Shubman Gill,GT,11,619,378,74,20,22,10.6,455,163.76,42.92
2021,Rahul Tripathi,RCB,14,614,391,27,25,29,47.7,157,157.03,3.29
2021,Yuzvendra Chahal,DC,9,652,173,25,46,22,39.6,82,376.88,2.07
2021,Rahul Tripathi,GT,14,517,398,78,25,23,27.1,86,129.9,3.17
2021,Arshdeep Singh,RCB,10,48,307,30,31,21,30.4,393,15.64,12.93
2021,AB de Villiers,SRH,8,297,490,88,40,21,45.9,276,60.61,6.01
2021,Shubman Gill,PBKS,11,183,524,10,2,11,33.0,362,34.92,10.97
2021,Rashid Khan,DC,7,178,530,3,14,5,32.1,389,33.58,12.12
2021,Suresh Raina,KKR,6,199,556,18,10,20,3.5,55,35.79,15.71
2021,MS Dhoni,GT,14,508,472,21,4,26,40.0,287,107.63,7.18
2021,Deepak Chahar,CSK,14,520,445,24,43,8,42.2,148,116.85,3.51
2021,Rahul Tripathi,DC,10,537,550,12,11,17,25.3,234,97.64,9.25
2021,Suresh Raina,RCB,10,480,192,75,17,24,7.8,341,250.0,43.72
2021,Jasprit Bumrah,RCB,8,324,434,44,19,0,3.7,301,74.65,81.35
2021,Rahul Tripathi,DC,7,227,481,74,26,22,18.4,150,47.19,8.15
2021,Tilak Varma,PBKS,11,774,191,22,17,2,45.7,110,405.24,2.41
2021,Arshdeep Singh,CSK,14,134,345,64,25,5,1.3,126,38.84,96.92
2021,Trent Boult,GT,6,542,230,80,5,16,47.4,232,235.65,4.89
2021,Bhuvneshwar Kumar,RCB,7,505,149,15,16,7,26.5,176,338.93,6.64
2021,Shikhar Dhawan,MI,5,585,465,75,24,23,0.6,437,125.81,728.33
2021,Kagiso Rabada,GT,14,421,489,14,10,27,32.6,481,86.09,14.75
2021,David Warner,CSK,14,170,89,77,11,9,35.1,29,191.01,0.83
2021,Shubman Gill,RR,5,248,75,41,25,15,30.1,46,330.67,1.53
2021,David Warner,GT,5,534,557,53,0,27,10.1,12,95.87,1.19
2021,Ruturaj Gaikwad,SRH,11,442,447,16,8,1,49.9,451,98.88,9.04
2021,Shikhar Dhawan,PBKS,11,294,493,88,10,29,47.6,89,59.63,1.87
2021,MS Dhoni,PBKS,14,512,460,50,29,16,20.6,90,111.3,4.37
2021,Shikhar Dhawan,MI,13,692,299,49,32,0,43.7,296,231.44,6.77
2021,Andre Russell,LSG,12,653,480,60,7,16,10.5,214,136.04,20.38
2021,David Warner,RCB,14,112,133,72,21,5,28.4,188,84.21,6.62
2021,Trent Boult,MI,11,68,410,19,37,18,38.9,391,16.59,10.05
2021,Riyan Parag,RR,6,404,332,36,38,4,23.5,447,121.69,19.02
2021,Shubman Gill,CSK,7,206,547,10,17,3,9.0,216,37.66,24.0
2021,Kuldeep Yadav,LSG,11,748,493,68,1,24,16.9,192,151.72,11.36
2021,Rahul Tripathi,RR,14,546,398,10,12,8,37.1,373,137.19,10.05
2021,Deepak Chahar,MI,10,679,437,0,22,8,27.3,336,155.38,12.31
2021,AB de Villiers,MI,13,160,551,23,14,24,37.7,275,29.04,7.29
2021,Tilak Varma,SRH,5,580,302,59,8,9,41.5,123,192.05,2.96
2021,Virat Kohli,PBKS,6,536,502,16,25,6,7.8,253,106.77,32.44
2021,Arshdeep Singh,RCB,11,389,407,98,46,3,13.1,303,95.58,23.13
2021,Pat Cummins,PBKS,5,390,118,19,5,13,13.5,121,330.51,8.96
2021,Tilak Varma,DC,13,250,409,37,25,29,11.0,337,61.12,30.64
2022,Glenn Maxwell,MI,9,609,239,72,41,28,6.7,425,254.81,63.43
2022,Shubman Gill,RCB,9,218,235,58,8,3,3.2,419,92.77,130.94
2022,Mohammed Shami,LSG,7,225,321,72,41,28,14.2,15,70.09,1.06
2022,Mohammed Shami,MI,6,401,46,31,17,22,41.8,247,871.74,5.91
2022,Yuzvendra Chahal,MI,7,58,330,64,15,24,19.4,154,17.58,7.94
2022,Riyan Parag,KKR,8,739,138,86,39,4,12.6,132,535.51,10.48
2022,Mohammed Shami,RCB,12,254,81,21,46,17,27.2,433,313.58,15.92
2022,Yuzvendra Chahal,GT,12,206,398,32,7,15,36.5,368,51.76,10.08
2022,Mohammed Shami,CSK,12,596,142,92,25,29,29.0,445,419.72,15.34
2022,Ben Stokes,PBKS,7,283,426,46,3,15,36.3,355,66.43,9.78
2022,KL Rahul,DC,9,73,310,67,21,25,24.0,111,23.55,4.62
2022,Ravindra Jadeja,CSK,8,446,579,60,8,27,42.7,290,77.03,6.79
2022,Ravindra Jadeja,MI,10,383,68,40,0,7,12.8,499,563.24,38.98
2022,Bhuvneshwar Kumar,MI,8,54,203,37,8,15,19.9,20,26.6,1.01
2022,Shubman Gill,LSG,5,368,542,1,9,1,37.5,27,67.9,0.72
2022,KL Rahul,RR,11,729,339,32,26,18,36.4,142,215.04,3.9
2022,Trent Boult,RR,14,551,583,77,44,16,48.1,473,94.51,9.83
2022,Mohammed Shami,SRH,13,188,431,47,49,28,19.8,203,43.62,10.25
2022,Ruturaj Gaikwad,MI,8,695,45,79,48,28,18.1,213,1544.44,11.77
2022,Bhuvneshwar Kumar,PBKS,8,583,168,7,29,15,43.3,66,347.02,1.52
2022,Axar Patel,PBKS,7,328,564,57,0,5,24.7,489,58.16,19.8
2022,Axar Patel,KKR,6,236,567,56,27,5,17.2,353,41.62,20.52
2022,Virat Kohli,SRH,12,782,159,58,43,22,19.1,107,491.82,5.6
2022,Tilak Varma,RCB,8,745,342,38,16,16,20.7,297,217.84,14.35
2022,Shubman Gill,KKR,10,396,376,0,46,28,27.2,241,105.32,8.86
2022,Faf du Plessis,GT,9,190,366,72,8,8,0.5,112,51.91,224.0
2022,Yuzvendra Chahal,LSG,11,211,348,92,40,8,30.4,189,60.63,6.22
2022,Sunil Narine,RR,5,499,377,85,14,13,32.4,329,132.36,10.15
2022,Glenn Maxwell,KKR,9,236,333,65,12,29,17.8,190,70.87,10.67
2022,Virat Kohli,KKR,5,25,356,42,0,4,13.6,368,7.02,27.06
2022,Sunil Narine,RCB,12,703,205,52,31,15,1.7,431,342.93,253.53
2022,Deepak Chahar,CSK,13,100,280,24,9,7,23.9,387,35.71,16.19
2022,Rahul Tripathi,LSG,5,230,180,71,43,7,46.7,237,127.78,5.07
2022,Jasprit Bumrah,KKR,9,777,137,11,22,7,24.9,183,567.15,7.35
2022,Shubman Gill,RR,9,225,182,79,14,0,33.3,384,123.63,11.53
2022,Ravindra Jadeja,GT,12,306,53,59,19,6,38.2,29,577.36,0.76
2022,Ben Stokes,MI,13,255,20,88,19,10,28.7,141,1275.0,4.91
2022,Sunil Narine,GT,10,213,94,83,5,15,44.9,414,226.6,9.22
2022,David Warner,SRH,8,764,375,86,14,11,41.2,297,203.73,7.21
2022,Rashid Khan,RCB,6,549,87,4,5,25,34.0,243,631.03,7.15
2022,Ravindra Jadeja,RR,6,438,133,63,28,5,39.7,285,329.32,7.18
2022,Kagiso Rabada,PBKS,12,93,578,21,47,29,41.9,414,16.09,9.88
2022,Kagiso Rabada,RR,11,753,48,8,41,10,47.5,160,1568.75,3.37
2022,Arshdeep Singh,KKR,8,127,257,56,9,22,32.2,431,49.42,13.39
2022,Mohammed Shami,PBKS,6,502,35,24,47,25,28.9,190,1434.29,6.57
2022,Ravindra Jadeja,DC,13,404,432,83,14,17,11.2,472,93.52,42.14
2022,Pat Cummins,LSG,11,481,152,26,11,28,18.4,114,316.45,6.2
2022,Jasprit Bumrah,PBKS,6,115,503,79,0,13,35.6,104,22.86,2.92
2022,Jasprit Bumrah,CSK,14,610,559,77,43,27,24.4,390,109.12,15.98
2022,Ben Stokes,RCB,13,79,99,18,20,2,3.3,354,79.8,107.27
2022,Kieron Pollard,MI,10,495,155,40,24,3,14.4,422,319.35,29.31
2022,Jos Buttler,KKR,13,460,309,21,19,10,16.3,422,148.87,25.89
2022,Rohit Sharma,LSG,14,682,121,43,40,4,18.5,309,563.64,16.7
2022,Riyan Parag,DC,12,608,353,33,28,13,32.5,31,172.24,0.95
2022,Ravindra Jadeja,RR,9,460,595,28,13,3,33.9,111,77.31,3.27
2022,Suresh Raina,MI,13,518,584,85,15,24,2.2,404,88.7,183.64
2022,Rashid Khan,SRH,7,634,496,66,2,15,8.1,392,127.82,48.4
2022,Mohammed Shami,PBKS,13,0,525,57,42,3,13.4,217,0.0,16.19
2022,Sunil Narine,PBKS,7,171,423,83,47,9,9.3,351,40.43,37.74
2022,Yuzvendra Chahal,RCB,8,122,387,32,40,24,25.7,249,31.52,9.69
2022,MS Dhoni,CSK,11,215,191,8,29,12,46.5,439,112.57,9.44
2022,Ben Stokes,RCB,6,491,388,9,46,6,28.0,35,126.55,1.25
2022,Kuldeep Yadav,GT,13,670,395,77,44,24,32.0,71,169.62,2.22
2022,Kagiso Rabada,RR,11,608,573,70,9,18,13.0,254,106.11,19.54
2022,Bhuvneshwar Kumar,GT,8,609,137,22,21,0,14.5,162,444.53,11.17
2022,Faf du Plessis,LSG,14,717,122,22,0,20,0.8,462,587.7,577.5
2022,Ruturaj Gaikwad,LSG,10,439,308,24,30,3,34.3,222,142.53,6.47
2022,Kuldeep Yadav,CSK,13,755,460,49,0,19,38.4,376,164.13,9.79
2022,Andre Russell,SRH,7,41,355,86,5,1,43.6,397,11.55,9.11
2022,Rohit Sharma,LSG,14,510,356,30,28,22,12.1,412,143.26,34.05
2022,Rashid Khan,LSG,11,438,278,33,14,7,34.4,171,157.55,4.97
2022,MS Dhoni,KKR,13,44,203,21,42,27,12.6,165,21.67,13.1
2022,Ben Stokes,DC,8,765,568,42,7,12,2.8,274,134.68,97.86
2022,Bhuvneshwar Kumar,LSG,13,56,308,79,43,2,2.4,350,18.18,145.83
2022,Suresh Raina,RR,12,529,67,78,44,25,12.8,446,789.55,34.84
2022,Glenn Maxwell,SRH,9,755,395,76,15,21,14.5,393,191.14,27.1
2022,MS Dhoni,DC,10,303,581,29,12,26,41.0,260,52.15,6.34
2022,Sunil Narine,SRH,7,336,293,73,23,9,28.9,36,114.68,1.25
2022,Jasprit Bumrah,RCB,14,204,158,41,49,12,32.9,483,129.11,14.68
2022,Suresh Raina,LSG,12,286,466,0,22,18,3.4,161,61.37,47.35
2022,Riyan Parag,DC,10,541,551,47,21,24,22.8,40,98.19,1.75
2022,AB de Villiers,LSG,10,183,405,28,46,1,40.0,377,45.19,9.43
2022,Rashid Khan,CSK,13,380,576,43,34,2,36.3,373,65.97,10.28
2022,Ravindra Jadeja,RR,13,793,171,8,40,15,26.0,177,463.74,6.81
2022,Andre Russell,SRH,6,320,129,68,20,24,3.0,180,248.06,60.0
2022,Ben Stokes,GT,8,139,434,55,21,18,29.2,409,32.03,14.01
2022,Axar Patel,SRH,9,476,155,49,5,12,42.0,380,307.1,9.05
2022,Riyan Parag,RCB,11,208,258,81,7,21,17.9,495,80.62,27.65
2022,Suresh Raina,CSK,10,513,515,69,25,26,30.6,149,99.61,4.87
2022,Sanju Samson,RCB,7,507,463,19,35,27,25.4,146,109.5,5.75
2022,AB de Villiers,LSG,6,257,180,32,40,12,47.9,20,142.78,0.42
2022,Jos Buttler,LSG,9,34,553,69,24,16,15.5,78,6.15,5.03
2022,Trent Boult,MI,12,773,31,18,6,5,14.5,261,2493.55,18.0
2022,Ruturaj Gaikwad,LSG,13,641,505,11,21,16,7.1,38,126.93,5.35
2022,Jos Buttler,MI,11,251,489,8,2,5,41.8,358,51.33,8.56
2022,Hardik Pandya,RR,11,478,227,94,25,6,29.8,327,210.57,10.97
2022,Yuzvendra Chahal,DC,6,87,333,38,30,16,47.5,312,26.13,6.57
2022,Arshdeep Singh,GT,13,768,82,60,40,0,31.6,198,936.59,6.27
2022,Virat Kohli,PBKS,6,734,122,91,49,7,29.6,364,601.64,12.3
2022,Virat Kohli,MI,14,449,461,13,41,14,34.5,392,97.4,11.36
2022,Bhuvneshwar Kumar,PBKS,8,761,309,90,2,8,48.5,222,246.28,4.58
2022,Pat Cummins,RR,14,339,534,59,12,21,3.1,330,63.48,106.45
2022,Pat Cummins,MI,6,346,582,9,0,12,15.2,106,59.45,6.97
2022,Andre Russell,MI,10,468,229,35,24,1,28.4,88,204.37,3.1
2022,Rashid Khan,CSK,13,648,598,86,39,26,41.1,86,108.36,2.09
2022,David Warner,KKR,14,7,253,16,8,23,43.2,155,2.77,3.59
2022,Yuzvendra Chahal,LSG,7,89,288,60,1,7,10.9,152,30.9,13.94
2022,Axar Patel,GT,12,134,255,89,49,14,46.1,352,52.55,7.64
2022,Pat Cummins,LSG,9,235,343,34,35,3,32.1,79,68.51,2.46
2022,Riyan Parag,DC,5,386,363,48,30,11,48.4,189,106.34,3.9
2022,Yuzvendra Chahal,SRH,11,158,413,73,36,2,46.3,486,38.26,10.5
2022,David Warner,CSK,10,134,41,99,13,29,14.6,219,326.83,15.0
2022,Virat Kohli,LSG,14,68,177,59,35,1,39.0,250,38.42,6.41
2022,KL Rahul,PBKS,5,618,499,1,28,8,1.9,167,123.85,87.89
2022,AB de Villiers,PBKS,8,372,114,64,38,9,39.3,84,326.32,2.14
2022,Rahul Tripathi,RR,12,120,246,35,20,17,35.7,65,48.78,1.82
2022,Pat Cummins,RR,5,165,434,88,9,10,12.9,155,38.02,12.02
2022,Kuldeep Yadav,SRH,5,246,497,25,39,23,43.0,480,49.5,11.16
2022,Ruturaj Gaikwad,SRH,6,719,199,54,43,17,34.9,70,361.31,2.01
2022,Sunil Narine,CSK,5,686,393,30,16,3,37.4,496,174.55,13.26
2022,Shubman Gill,KKR,10,176,543,9,23,27,31.5,49,32.41,1.56
2022,MS Dhoni,CSK,12,642,247,58,28,20,33.6,293,259.92,8.72
2022,Hardik Pandya,RR,11,573,167,90,11,4,9.8,490,343.11,50.0
2022,Jasprit Bumrah,RCB,12,185,196,68,38,2,39.5,170,94.39,4.3
2022,AB de Villiers,RR,6,138,214,22,23,22,23.1,422,64.49,18.27
2022,Tilak Varma,KKR,13,585,324,48,16,1,26.9,308,180.56,11.45
2022,KL Rahul,KKR,5,309,272,67,21,15,8.4,486,113.6,57.86
2022,Mohammed Shami,GT,11,176,252,11,26,27,37.4,250,69.84,6.68
2022,Rohit Sharma,KKR,12,413,211,42,23,17,49.6,15,195.73,0.3
2022,Andre Russell,PBKS,13,195,441,40,21,13,32.2,97,44.22,3.01
2022,Sanju Samson,LSG,13,663,516,54,32,1,36.6,355,128.49,9.7
2022,Riyan Parag,GT,14,328,84,8,1,27,23.0,28,390.48,1.22
2022,Kagiso Rabada,MI,11,714,233,55,33,15,34.5,282,306.44,8.17
2022,Yuzvendra Chahal,KKR,12,78,101,30,22,15,22.5,4,77.23,0.18
2022,Ben Stokes,CSK,5,127,427,23,34,1,8.9,482,29.74,54.16
2022,Ruturaj Gaikwad,MI,11,731,505,73,34,5,34.3,411,144.75,11.98
2022,MS Dhoni,LSG,12,528,304,72,18,14,15.1,330,173.68,21.85
2022,Ravindra Jadeja,RCB,5,182,357,65,31,2,5.9,245,50.98,41.53
2022,Jos Buttler,RR,11,581,145,98,34,19,21.2,240,400.69,11.32
2023,Sunil Narine,KKR,11,257,486,28,7,19,21.6,147,52.88,6.81
2023,Hardik Pandya,PBKS,14,492,466,53,16,2,20.6,372,105.58,18.06
2023,Rahul Tripathi,MI,8,677,460,18,12,9,45.6,195,147.17,4.28
2023,Kagiso Rabada,DC,7,132,79,76,21,15,35.2,145,167.09,4.12
2023,Sanju Samson,SRH,7,18,490,44,26,27,32.3,349,3.67,10.8
2023,Jasprit Bumrah,RR,6,149,566,28,18,14,44.9,303,26.33,6.75
2023,Bhuvneshwar Kumar,DC,11,178,430,30,24,12,45.1,418,41.4,9.27
2023,AB de Villiers,KKR,11,74,315,98,27,3,3.5,49,23.49,14.0
2023,MS Dhoni,KKR,5,278,61,91,22,23,18.9,415,455.74,21.96
2023,Kagiso Rabada,GT,13,114,568,43,49,5,41.9,484,20.07,11.55
2023,AB de Villiers,RR,10,451,147,32,4,3,4.7,117,306.8,24.89
2023,Arshdeep Singh,LSG,7,100,344,4,7,15,23.2,376,29.07,16.21
2023,Tilak Varma,GT,10,521,390,20,12,3,39.7,483,133.59,12.17
2023,Bhuvneshwar Kumar,SRH,5,734,570,31,36,18,46.5,206,128.77,4.43
2023,Rahul Tripathi,DC,9,688,554,1,4,24,1.1,189,124.19,171.82
2023,Ben Stokes,GT,13,117,391,2,9,29,14.4,151,29.92,10.49
2023,Faf du Plessis,MI,13,798,65,97,32,7,20.0,183,1227.69,9.15
2023,Shikhar Dhawan,MI,11,314,152,49,22,26,27.8,470,206.58,16.91
2023,Shubman Gill,RR,9,657,368,86,43,23,20.0,65,178.53,3.25
2023,Riyan Parag,PBKS,9,498,599,80,2,7,33.9,253,83.14,7.46
2023,AB de Villiers,SRH,6,699,111,11,7,13,45.4,364,629.73,8.02
2023,Glenn Maxwell,DC,9,12,51,20,28,12,32.4,381,23.53,11.76
2023,Virat Kohli,SRH,11,357,188,77,33,3,28.1,174,189.89,6.19
2023,Riyan Parag,GT,9,787,414,55,0,20,20.6,358,190.1,17.38
2023,Rohit Sharma,LSG,7,497,343,12,15,11,11.3,28,144.9,2.48
2023,Glenn Maxwell,DC,11,502,281,80,47,1,8.0,371,178.65,46.38
2023,Bhuvneshwar Kumar,RCB,13,199,347,76,17,7,47.5,253,57.35,5.33
2023,Pat Cummins,LSG,9,91,42,17,27,22,15.0,208,216.67,13.87
2023,Jasprit Bumrah,SRH,11,311,92,87,25,16,32.0,330,338.04,10.31
2023,Rohit Sharma,DC,6,170,388,8,10,17,43.1,372,43.81,8.63
2023,Rohit Sharma,RCB,7,495,333,92,34,4,21.4,241,148.65,11.26
2023,Kuldeep Yadav,RCB,10,707,148,82,16,8,47.0,258,477.7,5.49
2023,Rashid Khan,KKR,13,75,412,87,0,27,31.0,179,18.2,5.77
2023,Kieron Pollard,CSK,6,690,359,18,20,26,47.4,419,192.2,8.84
2023,Tilak Varma,KKR,7,136,68,19,9,13,39.4,32,200.0,0.81
2023,Sunil Narine,PBKS,5,351,47,94,30,25,49.0,101,746.81,2.06
2023,Rashid Khan,SRH,12,192,363,13,41,3,24.8,113,52.89,4.56
2023,Axar Patel,DC,12,387,308,20,5,26,24.5,209,125.65,8.53
2023,Andre Russell,DC,5,714,206,95,14,25,47.8,96,346.6,2.01
2023,Faf du Plessis,SRH,7,742,492,9,15,18,0.1,312,150.81,3120.0
2023,Bhuvneshwar Kumar,MI,12,208,435,42,25,13,26.9,449,47.82,16.69
2023,Rohit Sharma,KKR,11,388,511,95,20,11,32.4,304,75.93,9.38
2023,Kuldeep Yadav,SRH,6,164,497,12,27,21,45.3,29,33.0,0.64
2023,AB de Villiers,DC,10,574,228,29,44,4,20.5,475,251.75,23.17
2023,Virat Kohli,MI,5,797,406,51,9,11,24.7,184,196.31,7.45
2023,Trent Boult,SRH,5,663,374,7,25,29,20.8,450,177.27,21.63
2023,Bhuvneshwar Kumar,PBKS,6,111,560,72,28,17,42.1,448,19.82,10.64
2023,Pat Cummins,SRH,6,97,553,24,13,0,17.9,182,17.54,10.17
2023,KL Rahul,CSK,6,486,542,76,38,19,23.9,332,89.67,13.89
2023,Pat Cummins,MI,12,307,201,12,27,8,20.8,403,152.74,19.38
2023,Hardik Pandya,RCB,14,527,408,72,30,13,41.1,197,129.17,4.79
2023,Kagiso Rabada,GT,11,687,33,51,6,0,22.9,59,2081.82,2.58
2023,Shubman Gill,PBKS,13,747,566,73,15,10,10.3,285,131.98,27.67
2023,Deepak Chahar,CSK,10,441,514,4,1,11,14.4,85,85.8,5.9
2023,Bhuvneshwar Kumar,SRH,12,94,382,40,17,26,47.4,281,24.61,5.93
2023,Rahul Tripathi,DC,11,672,496,43,29,4,33.6,158,135.48,4.7
2023,Sanju Samson,KKR,12,20,392,83,40,20,25.9,434,5.1,16.76
2023,Mohammed Shami,SRH,9,20,181,1,16,22,47.6,169,11.05,3.55
2023,Rashid Khan,MI,12,339,304,53,40,26,43.5,483,111.51,11.1
2023,Shikhar Dhawan,PBKS,13,633,598,93,49,13,20.3,51,105.85,2.51
2023,Rohit Sharma,GT,6,47,256,31,21,14,0.7,188,18.36,268.57
2023,Kuldeep Yadav,DC,12,195,457,88,18,21,10.5,311,42.67,29.62
2023,Pat Cummins,CSK,6,550,89,75,46,28,21.1,104,617.98,4.93
2023,Jasprit Bumrah,DC,13,116,458,98,39,9,36.1,441,25.33,12.22
2023,Glenn Maxwell,MI,8,633,195,90,45,0,36.4,366,324.62,10.05
2023,Bhuvneshwar Kumar,RCB,11,706,511,9,10,15,7.0,492,138.16,70.29
2023,Virat Kohli,LSG,10,773,428,31,30,4,24.9,231,180.61,9.28
2023,Mohammed Shami,SRH,5,673,120,77,7,6,25.9,418,560.83,16.14
2023,Sunil Narine,GT,12,635,77,88,26,21,20.0,371,824.68,18.55
2023,Ruturaj Gaikwad,LSG,10,408,523,56,40,15,24.8,351,78.01,14.15
2023,Virat Kohli,DC,13,124,53,51,1,11,23.5,6,233.96,0.26
2023,Axar Patel,SRH,10,9,70,78,36,27,15.0,411,12.86,27.4
2023,Suresh Raina,GT,14,630,211,12,3,0,1.1,136,298.58,123.64
2023,Jos Buttler,DC,13,638,39,82,35,21,41.4,97,1635.9,2.34
2023,Suresh Raina,PBKS,10,443,342,16,21,25,3.6,205,129.53,56.94
2023,KL Rahul,SRH,10,589,520,38,38,0,15.6,410,113.27,26.28
2023,Suresh Raina,DC,11,67,164,45,46,4,24.1,126,40.85,5.23
2023,Mohammed Shami,DC,6,379,137,20,14,25,39.1,230,276.64,5.88
2023,Sanju Samson,CSK,11,403,76,37,0,6,33.4,474,530.26,14.19
2023,Faf du Plessis,CSK,9,545,280,72,36,28,6.2,208,194.64,33.55
2023,Ravindra Jadeja,CSK,14,441,408,20,44,7,24.3,360,108.09,14.81
2023,Yuzvendra Chahal,PBKS,14,617,135,32,11,4,38.5,431,457.04,11.19
2023,Mohammed Shami,PBKS,14,72,493,51,3,26,1.1,78,14.6,70.91
2023,Glenn Maxwell,DC,11,567,152,2,44,3,28.7,38,373.03,1.32
2023,David Warner,GT,9,367,526,7,45,20,21.2,211,69.77,9.95
2023,Rahul Tripathi,RR,7,727,35,53,39,17,1.7,154,2077.14,90.59
2023,MS Dhoni,DC,10,283,243,32,13,17,46.2,259,116.46,5.61
2023,Trent Boult,CSK,10,617,249,88,48,15,12.8,438,247.79,34.22
2023,Andre Russell,LSG,12,96,110,89,21,24,26.8,422,87.27,15.75
2023,Rashid Khan,GT,10,367,268,96,8,21,29.7,46,136.94,1.55
2023,Glenn Maxwell,DC,6,249,251,67,28,7,28.7,231,99.2,8.05
2023,Deepak Chahar,RCB,12,523,438,11,47,17,39.5,377,119.41,9.54
2023,Ben Stokes,PBKS,9,423,180,71,5,7,22.8,417,235.0,18.29
2023,Shikhar Dhawan,DC,13,74,411,9,23,28,10.6,57,18.0,5.38
2023,Axar Patel,KKR,13,153,575,49,18,14,38.3,245,26.61,6.4
2023,Shubman Gill,PBKS,13,502,299,63,9,13,38.9,218,167.89,5.6
2023,MS Dhoni,MI,14,703,158,22,15,0,4.3,372,444.94,86.51
2023,Rahul Tripathi,PBKS,5,180,434,40,7,2,24.9,208,41.47,8.35
2023,MS Dhoni,DC,14,237,170,47,16,25,9.6,279,139.41,29.06
2023,Jos Buttler,PBKS,6,651,328,97,35,7,22.4,388,198.48,17.32
2023,Ben Stokes,KKR,6,437,348,60,10,25,23.3,95,125.57,4.08
2023,Deepak Chahar,MI,7,41,72,87,22,19,36.0,498,56.94,13.83
2023,KL Rahul,LSG,14,692,297,78,7,18,25.2,143,233.0,5.67
2023,Andre Russell,SRH,9,107,474,6,4,17,30.8,454,22.57,14.74
2023,Hardik Pandya,KKR,7,527,441,43,36,12,20.8,334,119.5,16.06
2023,Trent Boult,KKR,9,575,238,30,20,29,10.4,160,241.6,15.38
2023,Virat Kohli,MI,12,669,234,83,16,6,1.2,295,285.9,245.83
2023,Yuzvendra Chahal,PBKS,9,225,463,46,6,10,20.7,371,48.6,17.92
2023,Sanju Samson,RCB,5,96,104,81,18,25,37.4,360,92.31,9.63
2023,Axar Patel,MI,8,198,56,58,18,12,13.6,253,353.57,18.6
2023,Bhuvneshwar Kumar,KKR,13,626,88,50,38,18,47.9,34,711.36,0.71
2023,Mohammed Shami,PBKS,12,577,185,35,3,16,35.7,455,311.89,12.75
2023,Ruturaj Gaikwad,PBKS,14,560,256,70,25,3,13.7,115,218.75,8.39
2023,Ravindra Jadeja,SRH,7,521,261,70,44,10,8.4,89,199.62,10.6
2023,Rahul Tripathi,RR,5,683,321,72,29,9,30.0,53,212.77,1.77
2023,Yuzvendra Chahal,DC,5,245,531,5,18,9,12.7,258,46.14,20.31
2023,Mohammed Shami,MI,12,470,386,87,2,16,37.1,0,121.76,0.0
2023,Ravindra Jadeja,LSG,9,771,462,78,12,26,27.0,308,166.88,11.41
2023,Ruturaj Gaikwad,RCB,9,342,541,80,41,2,15.2,249,63.22,16.38
2023,Trent Boult,CSK,8,662,257,84,10,8,32.6,119,257.59,3.65
2023,Ben Stokes,DC,12,313,168,84,11,18,20.8,191,186.31,9.18
2023,Yuzvendra Chahal,LSG,14,109,456,29,11,12,21.2,308,23.9,14.53
2023,Sanju Samson,KKR,6,543,300,18,18,18,1.0,150,181.0,150.0
2023,David Warner,KKR,5,105,26,26,8,6,2.5,78,403.85,31.2
2023,Pat Cummins,DC,8,678,232,79,46,9,24.0,202,292.24,8.42
2023,Ruturaj Gaikwad,MI,8,320,37,27,49,11,29.9,491,864.86,16.42
2023,Hardik Pandya,GT,5,692,241,45,36,21,35.3,431,287.14,12.21
2023,AB de Villiers,MI,14,122,262,87,43,27,40.0,340,46.56,8.5
2023,Sunil Narine,RCB,5,476,288,72,16,0,38.1,368,165.28,9.66
2024,Ruturaj Gaikwad,SRH,11,18,212,94,46,3,40.8,186,8.49,4.56
2024,Ben Stokes,LSG,7,479,233,31,36,17,40.6,301,205.58,7.41
2024,Jasprit Bumrah,RR,14,361,318,60,2,18,16.7,326,113.52,19.52
2024,Kagiso Rabada,GT,8,656,463,65,43,3,7.2,12,141.68,1.67
2024,Axar Patel,RCB,13,737,32,0,27,9,12.4,210,2303.12,16.94
2024,Andre Russell,RR,14,511,32,43,3,29,44.4,165,1596.88,3.72
2024,Ruturaj Gaikwad,RCB,13,638,447,73,28,18,41.0,19,142.73,0.46
2024,Shubman Gill,DC,5,237,268,64,18,9,16.1,269,88.43,16.71
2024,Ravindra Jadeja,PBKS,14,224,260,9,36,0,19.7,251,86.15,12.74
2024,Faf du Plessis,RCB,6,203,434,22,36,5,8.5,428,46.77,50.35
2024,Bhuvneshwar Kumar,KKR,9,485,340,53,8,26,12.8,204,142.65,15.94
2024,Shubman Gill,RR,13,527,139,24,45,8,22.0,11,379.14,0.5
2024,Deepak Chahar,KKR,11,24,453,7,30,27,47.4,218,5.3,4.6
2024,Suresh Raina,PBKS,7,438,268,46,43,5,28.8,427,163.43,14.83
2024,KL Rahul,DC,7,179,120,68,30,7,21.1,267,149.17,12.65
2024,Yuzvendra Chahal,DC,7,530,199,20,30,11,22.5,340,266.33,15.11
2024,Suresh Raina,RCB,7,546,258,2,27,0,45.3,443,211.63,9.78
2024,Riyan Parag,CSK,13,498,76,8,24,13,24.5,332,655.26,13.55
2024,Suresh Raina,PBKS,8,552,50,69,17,17,43.1,346,1104.0,8.03
2024,Sunil Narine,KKR,10,731,524,34,3,10,27.3,421,139.5,15.42
2024,Tilak Varma,PBKS,6,466,440,29,15,7,25.3,312,105.91,12.33
2024,MS Dhoni,LSG,14,175,224,94,15,9,24.7,316,78.12,12.79
2024,Andre Russell,LSG,14,702,533,98,19,24,5.2,281,131.71,54.04
2024,Glenn Maxwell,CSK,10,116,487,1,41,22,26.9,144,23.82,5.35
2024,Arshdeep Singh,RCB,5,566,153,27,23,9,20.8,297,369.93,14.28
2024,Shikhar Dhawan,CSK,7,203,227,9,7,21,20.3,465,89.43,22.91
2024,Ben Stokes,MI,9,665,302,59,15,23,19.0,292,220.2,15.37
2024,Bhuvneshwar Kumar,CSK,5,308,411,49,33,2,35.5,160,74.94,4.51
2024,Deepak Chahar,KKR,13,365,147,79,5,20,49.7,152,248.3,3.06
2024,Jos Buttler,GT,11,190,512,74,27,12,11.7,497,37.11,42.48
2024,Tilak Varma,DC,6,583,295,5,34,8,1.3,185,197.63,142.31
2024,Rahul Tripathi,PBKS,14,167,233,37,34,4,9.4,172,71.67,18.3
2024,Deepak Chahar,KKR,8,94,111,18,41,10,45.9,277,84.68,6.03
2024,Rohit Sharma,SRH,7,620,388,42,12,16,26.0,351,159.79,13.5
2024,Rahul Tripathi,RR,12,278,573,85,46,20,33.4,54,48.52,1.62
2024,David Warner,MI,5,640,445,76,23,19,39.6,481,143.82,12.15
2024,Axar Patel,DC,13,334,435,7,12,24,24.7,116,76.78,4.7
2024,Shikhar Dhawan,RCB,5,723,201,89,33,11,4.4,308,359.7,70.0
2024,Rohit Sharma,PBKS,14,270,75,11,12,21,46.5,203,360.0,4.37
2024,Faf du Plessis,GT,8,458,452,74,0,0,40.7,252,101.33,6.19
2024,Rahul Tripathi,LSG,13,725,149,94,33,26,21.7,475,486.58,21.89
2024,Shikhar Dhawan,PBKS,6,145,165,9,25,0,46.2,161,87.88,3.48
2024,Hardik Pandya,DC,14,586,249,37,47,14,16.3,252,235.34,15.46
2024,Kuldeep Yadav,LSG,12,72,368,46,27,4,8.1,14,19.57,1.73
2024,Axar Patel,PBKS,10,91,542,23,30,12,48.8,430,16.79,8.81
2024,Pat Cummins,DC,10,197,290,75,30,29,27.5,24,67.93,0.87
2024,Glenn Maxwell,RCB,11,40,88,48,5,17,18.3,177,45.45,9.67
2024,Glenn Maxwell,KKR,14,633,62,64,41,16,25.8,18,1020.97,0.7
2024,Pat Cummins,RCB,8,277,540,55,30,28,27.7,362,51.3,13.07
2024,Riyan Parag,MI,13,133,160,71,39,22,19.5,410,83.12,21.03
2024,Pat Cummins,SRH,7,645,135,69,6,2,7.8,186,477.78,23.85
2024,Andre Russell,DC,10,161,506,81,13,3,29.6,259,31.82,8.75
2024,Deepak Chahar,DC,10,646,175,55,28,28,45.9,188,369.14,4.1
2024,Kuldeep Yadav,DC,9,167,344,82,18,27,27.1,128,48.55,4.72
2024,Suresh Raina,RR,13,181,122,51,18,27,4.5,495,148.36,110.0
2024,Faf du Plessis,SRH,8,77,230,91,17,19,2.3,23,33.48,10.0
2024,Riyan Parag,DC,8,381,529,15,7,29,0.1,131,72.02,1310.0
2024,Rohit Sharma,GT,6,557,431,32,36,16,40.3,467,129.23,11.59
2024,MS Dhoni,SRH,10,528,246,30,0,16,9.4,191,214.63,20.32
2024,David Warner,MI,7,611,592,99,25,17,10.3,282,103.21,27.38
2024,Glenn Maxwell,CSK,6,17,317,42,43,2,44.0,307,5.36,6.98
2024,Jasprit Bumrah,CSK,10,685,363,91,9,25,44.5,98,188.71,2.2
2024,KL Rahul,GT,5,790,48,72,34,9,25.6,198,1645.83,7.73
2024,Axar Patel,CSK,14,582,250,14,15,6,23.1,222,232.8,9.61
2024,AB de Villiers,GT,9,787,235,75,45,29,46.6,72,334.89,1.55
2024,Jos Buttler,CSK,13,142,345,60,9,16,20.1,412,41.16,20.5
2024,Bhuvneshwar Kumar,SRH,10,218,163,16,14,27,1.6,438,133.74,273.75
2024,David Warner,RCB,13,124,289,54,6,15,45.5,382,42.91,8.4
2024,Ravindra Jadeja,PBKS,10,396,312,50,41,3,39.8,322,126.92,8.09
2024,Kuldeep Yadav,MI,5,434,575,38,26,9,47.5,489,75.48,10.29
2024,Suresh Raina,GT,13,107,439,46,11,5,28.6,278,24.37,9.72
2024,Andre Russell,LSG,14,264,381,15,23,17,27.6,174,69.29,6.3
2024,Rahul Tripathi,GT,11,712,51,1,42,11,35.7,202,1396.08,5.66
2024,Pat Cummins,CSK,7,487,125,25,29,7,10.9,244,389.6,22.39
2024,David Warner,GT,12,616,356,40,27,29,28.1,46,173.03,1.64
2024,Pat Cummins,GT,7,118,494,87,23,27,16.9,38,23.89,2.25
2024,Rashid Khan,MI,7,83,345,67,38,26,26.2,470,24.06,17.94
2024,Deepak Chahar,CSK,9,624,78,26,18,20,16.8,157,800.0,9.35
2024,Jasprit Bumrah,SRH,10,104,333,58,30,0,1.2,251,31.23,209.17
2024,Shikhar Dhawan,GT,14,484,580,9,44,8,28.0,151,83.45,5.39
2024,Rashid Khan,MI,9,245,240,21,7,29,14.8,204,102.08,13.78
2024,Trent Boult,RR,12,149,516,8,16,16,32.1,113,28.88,3.52
2024,Suresh Raina,GT,14,61,158,36,11,23,2.2,330,38.61,150.0
2024,Shubman Gill,RCB,9,600,40,14,23,23,26.4,333,1500.0,12.61
2024,Sanju Samson,MI,8,208,553,47,14,14,2.2,200,37.61,90.91
2024,Pat Cummins,SRH,6,543,274,32,12,15,6.4,395,198.18,61.72
2024,Arshdeep Singh,RR,11,421,105,73,15,5,46.7,198,400.95,4.24
2024,David Warner,PBKS,7,308,147,55,21,20,19.6,141,209.52,7.19
2024,Rohit Sharma,PBKS,11,104,332,99,34,16,13.2,436,31.33,33.03
2024,Jos Buttler,PBKS,11,297,416,46,13,15,42.9,383,71.39,8.93
2024,Jos Buttler,CSK,14,762,473,78,26,19,39.3,356,161.1,9.06
2024,Ravindra Jadeja,PBKS,9,520,90,15,30,25,48.9,238,577.78,4.87
2024,Bhuvneshwar Kumar,CSK,7,67,77,1,22,22,39.9,230,87.01,5.76
2024,Kagiso Rabada,LSG,14,192,371,32,25,12,17.7,448,51.75,25.31
2024,KL Rahul,SRH,9,125,134,64,45,10,11.0,45,93.28,4.09
2024,Axar Patel,KKR,10,145,412,98,24,27,21.4,284,35.19,13.27
2024,Deepak Chahar,RR,10,247,490,4,19,3,4.6,101,50.41,21.96
2024,Faf du Plessis,KKR,11,111,45,63,43,8,45.3,208,246.67,4.59
2024,Suresh Raina,GT,13,425,405,95,49,7,39.3,261,104.94,6.64
2024,Ben Stokes,PBKS,10,471,113,8,28,27,49.6,85,416.81,1.71
2024,MS Dhoni,RCB,12,743,346,50,16,20,1.9,286,214.74,150.53
2024,Riyan Parag,DC,6,758,102,78,41,15,7.4,294,743.14,39.73
2024,Kagiso Rabada,KKR,9,121,432,12,28,5,35.4,326,28.01,9.21
2024,Rohit Sharma,MI,9,131,530,57,11,27,17.3,329,24.72,19.02
2024,Andre Russell,SRH,9,272,186,65,24,21,21.8,382,146.24,17.52
2024,AB de Villiers,RCB,13,598,255,62,12,29,26.1,175,234.51,6.7
2024,Arshdeep Singh,KKR,8,463,117,93,9,22,1.0,272,395.73,272.0
2024,Riyan Parag,SRH,13,439,543,85,46,14,37.6,248,80.85,6.6
2024,Jos Buttler,GT,10,283,589,35,4,5,23.6,337,48.05,14.28
2024,Glenn Maxwell,PBKS,13,525,485,23,20,17,2.9,63,108.25,21.72
2024,Kagiso Rabada,SRH,12,21,92,81,48,19,20.0,345,22.83,17.25
2024,Suresh Raina,RCB,6,569,337,76,14,24,40.1,84,168.84,2.09
2024,Rashid Khan,DC,14,400,535,94,7,18,36.5,148,74.77,4.05
2024,Riyan Parag,MI,6,48,221,67,22,0,8.2,78,21.72,9.51
2024,AB de Villiers,MI,7,776,577,90,28,6,22.1,463,134.49,20.95
2024,KL Rahul,MI,14,476,376,97,22,14,39.4,493,126.6,12.51
2024,Deepak Chahar,RR,7,270,233,56,23,11,24.6,465,115.88,18.9
2024,Bhuvneshwar Kumar,GT,11,143,133,64,35,28,16.1,14,107.52,0.87
2024,Yuzvendra Chahal,MI,12,153,185,34,15,26,38.3,424,82.7,11.07
2024,Kuldeep Yadav,PBKS,8,295,171,20,4,12,11.6,265,172.51,22.84
2024,Bhuvneshwar Kumar,RCB,7,598,318,8,15,0,45.4,488,188.05,10.75
2024,Deepak Chahar,LSG,7,403,412,94,19,27,8.7,304,97.82,34.94
2024,Suresh Raina,LSG,8,128,124,18,44,5,17.3,252,103.23,14.57
2024,Arshdeep Singh,PBKS,8,576,411,22,12,15,23.0,195,140.15,8.48
2024,Glenn Maxwell,GT,14,608,196,7,1,24,33.6,315,310.2,9.38
2024,Andre Russell,PBKS,10,269,559,84,9,24,10.6,190,48.12,17.92
2024,Ben Stokes,CSK,9,221,92,76,16,23,17.5,381,240.22,21.77
2024,Jasprit Bumrah,RCB,14,554,467,32,49,21,35.0,424,118.63,12.11
2024,Virat Kohli,RCB,14,179,448,97,35,1,24.1,429,39.96,17.8
2024,Shubman Gill,MI,10,354,598,32,25,13,26.2,371,59.2,14.16
2024,Rohit Sharma,LSG,13,619,308,20,15,13,11.2,281,200.97,25.09
2024,Ravindra Jadeja,SRH,14,184,193,85,47,23,6.5,337,95.34,51.85
2024,Ruturaj Gaikwad,GT,5,254,547,18,19,5,43.9,177,46.44,4.03
2024,Sanju Samson,RCB,8,218,522,31,35,5,16.9,298,41.76,17.63
2024,Shubman Gill,MI,6,81,128,45,35,0,5.9,331,63.28,56.1
2024,Shikhar Dhawan,DC,5,324,25,30,14,9,1.5,117,1296.0,78.0
2024,Ben Stokes,RR,10,409,543,15,9,5,30.4,49,75.32,1.61
2024,Virat Kohli,LSG,11,460,352,21,14,16,35.1,206,130.68,5.87
2024,Pat Cummins,CSK,8,296,487,87,28,11,9.3,234,60.78,25.16
2024,Riyan Parag,DC,7,43,149,61,28,16,12.2,341,28.86,27.95
2024,Rahul Tripathi,RCB,13,266,399,41,49,16,31.1,318,66.67,10.23
2024,Deepak Chahar,GT,5,342,548,76,16,1,14.2,341,62.41,24.01
2024,Kieron Pollard,KKR,9,619,422,69,24,23,36.0,243,146.68,6.75
2024,Tilak Varma,RCB,9,520,98,54,45,11,10.5,313,530.61,29.81
2025,Mohammed Shami,CSK,13,293,146,37,15,15,31.2,291,200.68,9.33
2025,Sunil Narine,RR,12,603,505,27,10,9,17.9,265,119.41,14.8
2025,Bhuvneshwar Kumar,RR,7,265,499,60,32,2,7.7,14,53.11,1.82
2025,Hardik Pandya,LSG,10,411,564,74,9,0,20.4,20,72.87,0.98
2025,Rashid Khan,KKR,7,86,142,63,34,0,33.4,197,60.56,5.9
2025,Rohit Sharma,RR,13,747,263,46,31,28,37.4,120,284.03,3.21
2025,KL Rahul,RR,6,502,123,52,6,1,37.8,152,408.13,4.02
2025,Rahul Tripathi,MI,13,478,390,71,18,18,48.5,20,122.56,0.41
2025,MS Dhoni,GT,14,431,435,3,44,0,29.4,158,99.08,5.37
2025,Ben Stokes,RR,10,18,72,90,43,10,41.3,86,25.0,2.08
2025,Rohit Sharma,KKR,12,609,290,77,28,1,22.8,39,210.0,1.71
2025,MS Dhoni,GT,10,17,390,64,11,26,4.0,354,4.36,88.5
2025,Jos Buttler,CSK,11,281,407,68,31,29,33.4,294,69.04,8.8
2025,Sunil Narine,RCB,14,628,555,14,3,2,8.6,486,113.15,56.51
2025,Hardik Pandya,CSK,7,432,359,29,43,26,32.2,180,120.33,5.59
2025,Mohammed Shami,DC,13,215,358,25,4,24,10.3,450,60.06,43.69
2025,Riyan Parag,GT,5,50,245,24,11,4,48.7,9,20.41,0.18
2025,Rashid Khan,SRH,10,195,579,93,9,29,3.5,236,33.68,67.43
2025,Andre Russell,SRH,11,191,390,16,18,9,37.0,228,48.97,6.16
2025,Faf du Plessis,RCB,9,462,183,82,32,12,6.5,364,252.46,56.0
2025,Trent Boult,MI,14,745,342,6,42,10,0.8,184,217.84,230.0
2025,MS Dhoni,LSG,13,3,523,66,2,4,1.6,435,0.57,271.88
2025,Jasprit Bumrah,DC,7,525,354,21,18,8,14.8,116,148.31,7.84
2025,Kieron Pollard,DC,13,102,169,65,3,3,5.3,10,60.36,1.89
2025,Deepak Chahar,LSG,7,49,376,14,1,24,2.0,190,13.03,95.0
2025,Rashid Khan,DC,12,519,385,3,22,0,14.3,76,134.81,5.31
2025,Tilak Varma,RR,12,273,483,12,28,3,33.0,363,56.52,11.0
2025,Jasprit Bumrah,RR,10,465,64,9,47,2,4.8,210,726.56,43.75
2025,Ravindra Jadeja,RR,11,292,309,2,33,3,11.4,214,94.5,18.77
2025,Virat Kohli,SRH,9,275,479,0,36,19,12.5,390,57.41,31.2
2025,Jos Buttler,MI,10,515,89,68,6,1,3.2,352,578.65,110.0
2025,Bhuvneshwar Kumar,SRH,6,610,510,91,2,22,6.2,37,119.61,5.97
2025,Suresh Raina,RR,11,228,28,47,13,21,12.6,362,814.29,28.73
2025,Hardik Pandya,PBKS,5,497,316,77,6,7,13.0,412,157.28,31.69
2025,Ravindra Jadeja,GT,14,547,118,71,49,26,40.9,212,463.56,5.18
2025,Kieron Pollard,PBKS,8,316,290,48,22,25,11.8,171,108.97,14.49
2025,Sunil Narine,RCB,5,620,425,69,35,4,49.5,65,145.88,1.31
2025,Andre Russell,RR,9,601,569,43,24,8,16.7,148,105.62,8.86
2025,Sunil Narine,KKR,8,29,85,63,3,22,33.4,237,34.12,7.1
2025,Riyan Parag,KKR,12,333,234,2,12,13,35.9,134,142.31,3.73
2025,Sunil Narine,PBKS,14,463,21,96,46,4,41.1,89,2204.76,2.17
2025,AB de Villiers,CSK,11,696,308,58,42,6,15.9,49,225.97,3.08
2025,Sanju Samson,RR,7,236,426,98,39,15,9.2,8,55.4,0.87
2025,Jos Buttler,GT,12,572,375,94,6,26,20.4,475,152.53,23.28
2025,Jos Buttler,SRH,13,190,77,57,25,29,4.0,289,246.75,72.25
2025,AB de Villiers,PBKS,12,10,71,67,31,22,9.6,261,14.08,27.19
2025,Suresh Raina,CSK,12,265,349,5,42,29,26.3,379,75.93,14.41
2025,Mohammed Shami,SRH,14,415,499,90,31,25,49.9,128,83.17,2.57
2025,Andre Russell,DC,7,70,375,4,4,16,32.9,50,18.67,1.52
2025,Sanju Samson,KKR,6,638,118,89,4,15,9.5,185,540.68,19.47
2025,Trent Boult,GT,8,452,289,31,47,14,48.8,215,156.4,4.41
2025,Kuldeep Yadav,GT,7,601,178,84,42,23,21.3,20,337.64,0.94
2025,Glenn Maxwell,RCB,8,334,197,93,0,2,33.1,241,169.54,7.28
2025,David Warner,RCB,9,385,483,15,5,24,0.3,380,79.71,1266.67
2025,Ruturaj Gaikwad,SRH,13,68,571,3,39,21,3.5,401,11.91,114.57
2025,Ruturaj Gaikwad,RCB,5,412,295,67,33,25,24.0,453,139.66,18.88
2025,Glenn Maxwell,GT,14,11,509,45,37,4,15.5,392,2.16,25.29
2025,Tilak Varma,RCB,9,568,301,40,26,29,47.0,29,188.7,0.62
2025,Sanju Samson,GT,10,366,415,46,34,15,41.6,215,88.19,5.17
2025,Hardik Pandya,MI,11,520,132,17,46,19,22.9,382,393.94,16.68
2025,Riyan Parag,MI,6,220,123,68,17,11,34.7,418,178.86,12.05
2025,Hardik Pandya,GT,5,772,350,96,43,1,42.4,13,220.57,0.31
2025,Deepak Chahar,DC,5,398,181,97,32,25,34.1,373,219.89,10.94
2025,Yuzvendra Chahal,RR,13,635,442,88,7,7,18.3,24,143.67,1.31
2025,Glenn Maxwell,DC,14,725,28,27,28,7,49.5,411,2589.29,8.3
2025,Pat Cummins,MI,14,654,58,12,15,4,20.3,445,1127.59,21.92
2025,Bhuvneshwar Kumar,CSK,7,682,398,86,26,7,29.0,412,171.36,14.21
2025,Rohit Sharma,SRH,6,326,540,29,3,18,43.3,252,60.37,5.82
2025,Ravindra Jadeja,PBKS,12,199,240,51,39,3,19.8,130,82.92,6.57
2025,Shubman Gill,LSG,12,596,355,13,40,23,24.2,436,167.89,18.02
2025,Kuldeep Yadav,CSK,13,205,111,94,33,23,30.6,247,184.68,8.07
2025,Shubman Gill,LSG,7,500,479,43,32,17,6.8,188,104.38,27.65
2025,Arshdeep Singh,GT,9,759,390,92,31,10,0.4,457,194.62,1142.5
2025,Hardik Pandya,CSK,9,168,104,82,25,9,3.7,215,161.54,58.11
2025,Axar Patel,LSG,9,631,98,68,22,16,36.1,144,643.88,3.99
2025,Sunil Narine,MI,6,196,40,84,30,28,45.9,396,490.0,8.63
2025,Rohit Sharma,PBKS,14,574,232,38,37,1,40.8,470,247.41,11.52
2025,Rahul Tripathi,KKR,11,432,98,97,17,4,34.0,90,440.82,2.65
2025,Virat Kohli,RR,14,156,452,22,25,10,4.3,455,34.51,105.81
2025,Kagiso Rabada,CSK,14,571,83,15,26,11,26.6,264,687.95,9.92
2025,KL Rahul,RCB,10,267,579,41,11,5,9.7,449,46.11,46.29
2025,Kieron Pollard,MI,8,428,472,60,28,4,48.1,349,90.68,7.26
2025,David Warner,CSK,8,387,43,22,24,19,4.1,97,900.0,23.66
2025,Kieron Pollard,PBKS,14,163,584,18,41,21,30.2,451,27.91,14.93
2025,Sanju Samson,MI,10,774,122,88,32,19,48.4,48,634.43,0.99
2025,Arshdeep Singh,GT,6,128,482,63,36,21,18.2,267,26.56,14.67
2025,Arshdeep Singh,SRH,9,66,208,62,40,0,40.1,14,31.73,0.35
2025,Mohammed Shami,GT,14,87,84,89,17,26,7.1,31,103.57,4.37
2025,Riyan Parag,SRH,6,441,334,90,38,6,37.5,272,132.04,7.25
2025,Suresh Raina,LSG,8,622,244,67,45,14,42.5,279,254.92,6.56
2025,Rashid Khan,RCB,5,333,44,49,47,0,11.8,316,756.82,26.78
2025,AB de Villiers,GT,14,610,450,49,10,17,40.0,376,135.56,9.4
2025,Rashid Khan,CSK,14,556,330,70,34,8,0.7,304,168.48,434.29
2025,Ben Stokes,RR,12,660,188,89,30,7,22.0,267,351.06,12.14
2025,Jasprit Bumrah,LSG,10,89,593,63,35,13,35.7,209,15.01,5.85
2025,Tilak Varma,DC,10,119,235,26,24,14,41.4,17,50.64,0.41
2025,Axar Patel,GT,8,133,321,19,30,28,8.1,299,41.43,36.91
2025,KL Rahul,KKR,10,545,467,75,39,6,6.6,450,116.7,68.18
2025,Pat Cummins,LSG,9,6,552,61,41,20,3.7,393,1.09,106.22
2025,Ruturaj Gaikwad,KKR,11,666,149,87,38,21,32.3,368,446.98,11.39
2025,Ruturaj Gaikwad,PBKS,14,721,457,94,41,6,25.0,458,157.77,18.32
2025,KL Rahul,DC,10,192,321,17,18,22,25.4,258,59.81,10.16
2025,Andre Russell,CSK,7,386,287,15,2,11,9.2,39,134.49,4.24
2025,Yuzvendra Chahal,GT,10,690,330,91,40,6,47.1,156,209.09,3.31
2025,Arshdeep Singh,LSG,7,798,440,74,36,11,34.1,306,181.36,8.97
2025,Hardik Pandya,MI,10,226,474,40,23,24,10.0,449,47.68,44.9
2025,AB de Villiers,RCB,13,87,160,55,6,19,3.3,7,54.37,2.12
2025,Pat Cummins,RCB,10,693,503,71,5,28,41.6,132,137.77,3.17
2025,Pat Cummins,GT,14,107,373,50,4,22,15.1,14,28.69,0.93
2025,Pat Cummins,PBKS,9,105,70,54,29,25,32.5,22,150.0,0.68
2025,Axar Patel,RCB,11,508,157,71,43,23,35.6,312,323.57,8.76
2025,Mohammed Shami,PBKS,9,208,142,95,17,20,2.8,35,146.48,12.5
2025,Bhuvneshwar Kumar,SRH,7,274,76,4,21,1,42.9,271,360.53,6.32
2025,Kieron Pollard,GT,11,210,581,11,14,16,5.2,292,36.14,56.15
2025,Sunil Narine,MI,14,789,532,67,4,20,44.7,301,148.31,6.73
2025,Rohit Sharma,GT,7,360,406,28,36,11,13.7,7,88.67,0.51
